Course Code,Course Title,HEI,CATEGORY (ISCED Description),R1 Points
AL801,Software Design for Virtual Reality and Gaming,Athlone Institute of Technology,Information and Communication Technologies (ICTs),300
AL802,Software Design in Artificial Intelligence for Cloud Computing,Athlone Institute of Technology,Information and Communication Technologies (ICTs),313
AL803,Software Design for Mobile Apps and Connected Devices,Athlone Institute of Technology,Information and Communication Technologies (ICTs),350
AL805,Computer Engineering for Network Infrastructure,Athlone Institute of Technology,Information and Communication Technologies (ICTs),321
AL810,Quantity Surveying,Athlone Institute of Technology,Architecture and construction,328
AL820,Mechanical and Polymer Engineering,Athlone Institute of Technology,Manufacturing and processing,327
AL830,General Nursing,Athlone Institute of Technology,Health,451
AL832,Mental Health Nursing,Athlone Institute of Technology,Health,440
AL835,Pharmacology,Athlone Institute of Technology,Biological and related sciences,356
AL836,Nutrition and Health Science,Athlone Institute of Technology,Health,346
AL837,Sports Science with Exercise Physiology,Athlone Institute of Technology,Personal services,357
AL838,Biotechnology,Athlone Institute of Technology,Biological and related sciences,324
AL839,Microbiology,Athlone Institute of Technology,Biological and related sciences,325
AL840,Pharmaceutical Sciences,Athlone Institute of Technology,Physical sciences,346
AL841,Athletic and Rehabilitation Therapy,Athlone Institute of Technology,Health,477
AL842,Bioveterinary Science,Athlone Institute of Technology,Biological and related sciences,338
AL843,Physical Activity and Health Science,Athlone Institute of Technology,Health,306
AL849,Culinary Entrepreneurship,Athlone Institute of Technology,Personal services,297
AL850,Business,Athlone Institute of Technology,Business and administration,309
AL851,Business and Law,Athlone Institute of Technology,Law,302
AL852,Accounting,Athlone Institute of Technology,Business and administration,336
AL854,Sport Management (with international placement),Athlone Institute of Technology,Personal services,300
AL855,Hospitality Management (with international placement),Athlone Institute of Technology,Personal services,309
AL857,Digital Marketing,Athlone Institute of Technology,Business and administration,304
AL859,International Business,Athlone Institute of Technology,Business and administration,308
AL860,Social Care Practice,Athlone Institute of Technology,Welfare,301
AL861,Animation and Illustration (portfolio),Athlone Institute of Technology,Arts,575
AL863,Graphic and Digital Design (portfolio),Athlone Institute of Technology,Arts,747
AL864,Early Years Care and Education,Athlone Institute of Technology,Welfare,306
AL870,Applied Psychology,Athlone Institute of Technology,Social and behavioural sciences,484
CW018,Business (options),"Institute of Technology, Carlow",Business and administration,307
CW028,Early Childhood Education and Care,"Institute of Technology, Carlow",Welfare,260
CW038,Art (portfolio),"Institute of Technology, Carlow",Arts,#700
CW058,Tourism and Event Management,"Institute of Technology, Carlow",Personal services,292
CW068,Applied Social Studies in Professional Social Care,"Institute of Technology, Carlow",Welfare,250
CW078,Sustainable Farm Management and Agribusiness,"Institute of Technology, Carlow",Agriculture,270
CW088,Visual Communications and Design,"Institute of Technology, Carlow",Arts,270
CW108,Science (options),"Institute of Technology, Carlow",Biological and related sciences,266
CW128,Brewing and Distilling,"Institute of Technology, Carlow",Manufacturing and processing,307
CW138,Sport and Exercise Science,"Institute of Technology, Carlow",Personal services,430
CW148,Strength and Conditioning,"Institute of Technology, Carlow",Personal services,388
CW188,Sport Rehabilitation and Athletic Therapy,"Institute of Technology, Carlow",Health,451
CW208,Computer Games Development,"Institute of Technology, Carlow",Information and Communication Technologies (ICTs),272
CW238,Software Development,"Institute of Technology, Carlow",Information and Communication Technologies (ICTs),295
CW248,Information Technology Management,"Institute of Technology, Carlow",Information and Communication Technologies (ICTs),293
CW258,Cybercrime and IT Security,"Institute of Technology, Carlow",Information and Communication Technologies (ICTs),292
CW268,Computing in Interactive Digital Art and Design,"Institute of Technology, Carlow",Information and Communication Technologies (ICTs),291
CW438,Construction (options),"Institute of Technology, Carlow",Architecture and construction,260
CW468,Architectural Technology,"Institute of Technology, Carlow",Architecture and construction,291
CW478,Civil Engineering,"Institute of Technology, Carlow",Architecture and construction,465
CW548,Mechanical Engineering,"Institute of Technology, Carlow",Engineering and engineering trades,330
CW558,Electronic Systems,"Institute of Technology, Carlow",Engineering and engineering trades,280
CW568,Aerospace Engineering,"Institute of Technology, Carlow",Engineering and engineering trades,371
CW578,TV and Media Production,"Institute of Technology, Carlow",Arts,318
CW708,Law - LLB,"Institute of Technology, Carlow",Law,292
CW728,Product Design Innovation,"Institute of Technology, Carlow",Arts,246
CW748,Early Childhood Education and Care,"Institute of Technology, Carlow",Welfare,290
CW758,Professional Social Care Practice,"Institute of Technology, Carlow",Welfare,360
CW808,Media and Public Relations,"Institute of Technology, Carlow",Business and administration,247
CW848,Digital Marketing with Analytics,"Institute of Technology, Carlow",Business and administration,269
CW858,"Sports Management and Coaching (options, portfolio)","Institute of Technology, Carlow",Personal services,700
CW908,Business (options),"Institute of Technology, Carlow",Business and administration,272
CW938,Business with Law,"Institute of Technology, Carlow",Business and administration,270
CW948,Accounting,"Institute of Technology, Carlow",Business and administration,319
PC405,"Social, Political and Community Studies","Carlow College, St. Patrick`s",Social and behavioural sciences,263
PC410,Arts and Humanities (fulfils Teaching Council requirements),"Carlow College, St. Patrick`s",Humanities (except languages),262
PC411,English and History (fulfils Teaching Council requirements),"Carlow College, St. Patrick`s",Humanities (except languages),243
CR105,Chemical and Biopharmaceutical Engineering,Cork Institute of Technology,Engineering and engineering trades,443
CR106,Software Development,Cork Institute of Technology,Information and Communication Technologies (ICTs),431
CR108,Mechanical Engineering,Cork Institute of Technology,Engineering and engineering trades,434
CR109,Structural Engineering,Cork Institute of Technology,Architecture and construction,396
CR110,Automotive Business Management and Technology,Cork Institute of Technology,Transport services,336
CR112,Creative Digital Media at CIT Crawford College of Art and Design,Cork Institute of Technology,Arts,390
CR116,Computer Systems,Cork Institute of Technology,Information and Communication Technologies (ICTs),365
CR121,Music at CIT Cork School of Music,Cork Institute of Technology,Arts,904
CR125,Popular Music at CIT Cork School of Music,Cork Institute of Technology,Arts,1028
CR130,Musical Theatre at CIT Cork School of Music,Cork Institute of Technology,Arts,525
CR150,Business Information Systems,Cork Institute of Technology,Business and administration,350
CR210,"Contemporary Applied Art (Ceramics, Glass, Textiles) at CIT Crawford",Cork Institute of Technology,Arts,450
CR220,Fine Art at CIT Crawford College of Art and Design,Cork Institute of Technology,Arts,400
CR225,Photography with New Media at CIT Crawford College of Art and Design,Cork Institute of Technology,Arts,435
CR305,Physical Sciences (Common Entry),Cork Institute of Technology,Physical sciences,260
CR310,IT Management,Cork Institute of Technology,Information and Communication Technologies (ICTs),347
CR320,Biomedical Science - Offered jointly by CIT and UCC,Cork Institute of Technology,Biological and related sciences,590
CR325,Pharmaceutical Biotechnology,Cork Institute of Technology,Biological and related sciences,466
CR333,Nutrition and Health Science,Cork Institute of Technology,Health,425
CR335,Biological Sciences (Common Entry),Cork Institute of Technology,Biological and related sciences,473
CR340,Analytical Chemistry with Quality Assurance,Cork Institute of Technology,Physical sciences,327
CR360,Instrument Engineering,Cork Institute of Technology,Physical sciences,301
CR365,Environmental Science and Sustainable Technology,Cork Institute of Technology,Environment,262
CR370,Agri-Biosciences,Cork Institute of Technology,"Interdisciplinary programmes and qualifications involving agriculture, forestry and veterinary",368
CR400,Accounting,Cork Institute of Technology,Business and administration,315
CR420,Marketing,Cork Institute of Technology,Business and administration,290
CR425,International Business with Language,Cork Institute of Technology,Business and administration,279
CR430,Sport and Exercise Management,Cork Institute of Technology,Personal services,402
CR440,Montessori Education,Cork Institute of Technology,Education,409
CR500,Engineering (Common Entry),Cork Institute of Technology,Engineering and engineering trades,475
CR510,Sustainable Energy Engineering,Cork Institute of Technology,Environment,320
CR520,Biomedical Engineering,Cork Institute of Technology,Health,444
CR560,Architectural Technology,Cork Institute of Technology,Architecture and construction,375
CR565,Interior Architecture,Cork Institute of Technology,Architecture and construction,431
CR570,Quantity Surveying,Cork Institute of Technology,Architecture and construction,375
CR572,Construction Management,Cork Institute of Technology,Architecture and construction,300
CR580,Electrical Engineering,Cork Institute of Technology,Engineering and engineering trades,342
CR590,Electronic Engineering,Cork Institute of Technology,Engineering and engineering trades,329
CR600,Visual Communications at CIT Crawford College of Art and Design,Cork Institute of Technology,Arts,280
CR660,Tourism Management,Cork Institute of Technology,Personal services,246
CR700,Theatre and Drama Studies at CIT Cork School of Music,Cork Institute of Technology,Arts,609
CR930,Home Economics and Business,Cork Institute of Technology,Education,518
CK101,Arts - 3 years,University College Cork (NUI),Arts,300
CK102,Social Science,University College Cork (NUI),Social and behavioural sciences,434
CK104,Arts with Music - 3 or 4 years (BMus or Chinese/European/Int`l Pathway),University College Cork (NUI),Arts,339
CK105,Film and Screen Media - 3 years or 4 years (International Pathway),University College Cork (NUI),Arts,421
CK107,Geographical and Archaeological Sciences - 3 or 4 years (Int`l Pathway),University College Cork (NUI),Humanities (except languages),312
CK108,Arts International - 4 years,University College Cork (NUI),Languages,440
CK109,English - 3 years or 4 years (International Pathway),University College Cork (NUI),Languages,367
CK110,World Languages,University College Cork (NUI),Languages,488
CK111,Early Years and Childhood Studies,University College Cork (NUI),Welfare,409
CK112,Theatre and Performative Practices - 3 or 4 years (Int`l Pathway),University College Cork (NUI),Arts,371
CK113,Criminology - 3 years or 4 years (International Pathway),University College Cork (NUI),Social and behavioural sciences,464
CK114,Social Science (Youth and Community Work),University College Cork (NUI),Welfare,#
CK118,Digital Humanities and IT - 3 or 4 years (Work Exper. or Int`l Pathway),University College Cork (NUI),Arts,347
CK120,Applied Psychology,University College Cork (NUI),Social and behavioural sciences,544
CK121,Psychology and Computing - 3 or 4 years (Work Experience Pathway),University College Cork (NUI),Social and behavioural sciences,499
CK122,Government and Political Science,University College Cork (NUI),Social and behavioural sciences,399
CK123,Anthropology,University College Cork (NUI),Humanities (except languages),308
CK124,Education - Gaeilge,University College Cork (NUI),Education,473
CK125,Sports Studies and Physical Education,University College Cork (NUI),Education,564
CK201,Commerce,University College Cork (NUI),Business and administration,500
CK202,Accounting,University College Cork (NUI),Business and administration,553
CK203,Business Information Systems,University College Cork (NUI),Information and Communication Technologies (ICTs),455
CK204,Finance,University College Cork (NUI),Business and administration,566
CK205,Commerce (International) with French,University College Cork (NUI),Business and administration,465
CK206,Commerce (International) with German,University College Cork (NUI),Business and administration,466
CK207,Commerce (International) with Italian,University College Cork (NUI),Business and administration,423
CK208,Commerce (International) with Hispanic Studies,University College Cork (NUI),Business and administration,488
CK209,Commerce (International) with Irish,University College Cork (NUI),Business and administration,507
CK211,Commerce (International) with Chinese Studies,University College Cork (NUI),Business and administration,385
CK212,Economics (through Transformational Learning) 3 or 4 years Int`l Pathway,University College Cork (NUI),Social and behavioural sciences,445
CK213,Food Marketing and Entrepreneurship,University College Cork (NUI),Business and administration,466
CK214,International Development,University College Cork (NUI),Social and behavioural sciences,332
CK301,Law (Pathways) -  3 or 4 years,University College Cork (NUI),Law,533
CK302,Law and French,University College Cork (NUI),Law,545
CK304,Law and Irish,University College Cork (NUI),Law,588
CK307,Law and Business,University College Cork (NUI),Law,589
CK401,Computer Science,University College Cork (NUI),Information and Communication Technologies (ICTs),503
CK402,Biological and Chemical Sciences,University College Cork (NUI),Biological and related sciences,555
CK404,"Biological, Earth and Environmental Sciences",University College Cork (NUI),Biological and related sciences,500
CK405,Genetics,University College Cork (NUI),Biological and related sciences,543
CK406,Chemical Sciences,University College Cork (NUI),Physical sciences,532
CK407,Mathematical Sciences,University College Cork (NUI),Mathematics and statistics,566
CK408,Physics and Astrophysics,University College Cork (NUI),Physical sciences,566
CK409,Industrial Physics - Offered jointly by UCC and CIT,University College Cork (NUI),Physical sciences,465
CK411,Data Science and Analytics,University College Cork (NUI),Information and Communication Technologies (ICTs),531
CK412,Agricultural Science,University College Cork (NUI),Agriculture,506
CK504,Nutritional Sciences,University College Cork (NUI),Biological and related sciences,555
CK505,Food Science,University College Cork (NUI),Manufacturing and processing,463
CK600,Engineering,University College Cork (NUI),Engineering and engineering trades,510
CK606,Architecture - Offered jointly by UCC and CIT,University College Cork (NUI),Architecture and construction,543
CK701,Medicine (Undergraduate Entry - HPAT required),University College Cork (NUI),Health,738
CK702,Dentistry,University College Cork (NUI),Health,625
CK703,Pharmacy,University College Cork (NUI),Health,613
CK704,Occupational Therapy,University College Cork (NUI),Health,601
CK705,Speech and Language Therapy,University College Cork (NUI),Health,568
CK706,Public Health Sciences,University College Cork (NUI),Health,500
CK707,Medical and Health Sciences,University College Cork (NUI),Health,578
CK710,General Nursing,University College Cork (NUI),Health,498
CK712,Children`s and General Nursing (Integrated),University College Cork (NUI),Health,565
CK720,Mental Health Nursing,University College Cork (NUI),Health,455
CK730,Intellectual Disability Nursing,University College Cork (NUI),Health,431
CK740,Midwifery,University College Cork (NUI),Health,509
CK791,Medicine  - Graduate Entry (GAMSAT required),University College Cork (NUI),Health,60
AC120,International Business,American College,Business and administration,294
AC137,Liberal Arts,American College,Humanities (except languages),271
CT125,Computing and IT,CCT College Dublin,Information and Communication Technologies (ICTs),242
CT325,Business,CCT College Dublin,Business and administration,253
CM001,Education - Primary Teaching,Marino Institute of Education,Education,508
CM002,Education - Primary Teaching - Gaeltacht Applicants,Marino Institute of Education,Education,462
CM003,Oideachas - Bunmhúinteoireacht Trí Mheán na Gaeilge,Marino Institute of Education,Education,513
CM004,Oideachas - Bunmhúinteoireacht Trí Mheán na Gaeilge (daltaí Gaeltachta),Marino Institute of Education,Education,480
CM010,Education Studies,Marino Institute of Education,Education,382
CM020,Early Childhood Education,Marino Institute of Education,Education,317
DB500,Computing,Dublin Business School,Information and Communication Technologies (ICTs),234
DB502,Computing (Data Analytics and Big Data),Dublin Business School,Information and Communication Technologies (ICTs),267
DB510,Audio Production and Music Project Management,Dublin Business School,Arts,217
DB512,Business Studies,Dublin Business School,Business and administration,243
DB514,Business Studies (Law),Dublin Business School,Business and administration,239
DB515,Business Studies (Human Resource Management),Dublin Business School,Business and administration,242
DB517,Marketing (Event Management),Dublin Business School,Business and administration,233
DB518,Marketing (Digital Media),Dublin Business School,Business and administration,307
DB521,Accounting and Finance,Dublin Business School,Business and administration,243
DB524,Business (Information Systems),Dublin Business School,Information and Communication Technologies (ICTs),247
DB525,Marketing (Digital Media and Cloud Computing),Dublin Business School,Business and administration,288
DB526,Business (Cloud Computing),Dublin Business School,Information and Communication Technologies (ICTs),244
DB527,Applied Social Care,Dublin Business School,Social and behavioural sciences,254
DB531,Marketing,Dublin Business School,Business and administration,288
DB562,Psychology,Dublin Business School,Social and behavioural sciences,244
DB566,Social Science,Dublin Business School,Social and behavioural sciences,262
DB567,Film and Creative Media,Dublin Business School,Arts,245
DB568,Law,Dublin Business School,Law,254
DB569,Business (Psychology),Dublin Business School,Business and administration,240
DC001,Education - Early Childhood Education,Dublin City University,Education,445
DC002,Education - Primary Teaching,Dublin City University,Education,518
DC003,Education - Primary Teaching - Gaeltacht Applicants,Dublin City University,Education,489
DC004,Education - Primary Teaching (Church of Ireland Centre formerly CICE),Dublin City University,Education,451
DC009,Arts (Joint Honours) - Humanities,Dublin City University,Arts,356
DC010,Post Primary Teacher Education - Religious Education and English,Dublin City University,Education,384
DC011,Post Primary Teacher Education - Religious Education and History,Dublin City University,Education,409
DC012,Post Primary Teacher Education - Religious Education and Music,Dublin City University,Education,409
DC013,Post Primary Teacher Ed - Gaeilge with French/German/Spanish,Dublin City University,Education,413
DC014,BA in Jazz and Contemporary Music Performance (audition),Dublin City University,Arts,311
DC110,Business Studies International,Dublin City University,Business and administration,498
DC111,Business Studies,Dublin City University,Business and administration,511
DC112,Global Business (France),Dublin City University,Business and administration,542
DC113,Global Business (Germany),Dublin City University,Business and administration,484
DC114,Global Business (Spain),Dublin City University,Business and administration,544
DC115,Accounting and Finance,Dublin City University,Business and administration,544
DC116,Global Business (USA),Dublin City University,Business and administration,613
DC117,Aviation Management / Aviation Management with Pilot Studies,Dublin City University,Business and administration,484
DC118,Gnó agus Gaeilge / Business and Irish,Dublin City University,Business and administration,368
DC119,Global Business (Canada),Dublin City University,Business and administration,601
DC120,Computing for Business,Dublin City University,Information and Communication Technologies (ICTs),403
DC121,Computer Science,Dublin City University,Information and Communication Technologies (ICTs),475
DC123,Data Science,Dublin City University,Information and Communication Technologies (ICTs),501
DC126,Actuarial Mathematics,Dublin City University,Mathematics and statistics,577
DC127,Common Entry into Actuarial and Financial Mathematics,Dublin City University,Mathematics and statistics,541
DC131,Communication Studies,Dublin City University,Journalism and information,421
DC132,Journalism,Dublin City University,Journalism and information,452
DC133,Multimedia,Dublin City University,Arts,435
DC155,Applied Language and Translation Studies,Dublin City University,Languages,427
DC161,Analytical Science,Dublin City University,Physical sciences,498
DC162,Chemical and Pharmaceutical Sciences,Dublin City University,Physical sciences,531
DC163,Chemical Sciences General Entry (Undenominated Entry),Dublin City University,Physical sciences,466
DC166,Environmental Science and Technology,Dublin City University,Environment,423
DC168,Genetics and Cell Biology,Dublin City University,Biological and related sciences,543
DC175,Physics General Entry (options),Dublin City University,Physical sciences,400
DC180,Biological Sciences General Entry (Undenominated Entry),Dublin City University,Biological and related sciences,530
DC181,Biotechnology,Dublin City University,Biological and related sciences,530
DC190,Electronic and Computer Engineering (with choice of four majors),Dublin City University,Engineering and engineering trades,488
DC193,Mechatronic Engineering,Dublin City University,Engineering and engineering trades,490
DC194,Sustainable Systems and Energy,Dublin City University,Environment,476
DC195,Mechanical and Manufacturing Engineering,Dublin City University,Engineering and engineering trades,500
DC197,Biomedical Engineering,Dublin City University,Health,510
DC200,Common Entry into Engineering (Undenominated Entry),Dublin City University,Engineering and engineering trades,511
DC202,Sport Science and Health,Dublin City University,Health,511
DC203,Science Education,Dublin City University,Education,462
DC204,Athletic Therapy and Training,Dublin City University,Health,558
DC205,Physical Education with Biology,Dublin City University,Education,565
DC206,Physical Education with Mathematics,Dublin City University,Education,521
DC207,Psychology and Mathematics,Dublin City University,Social and behavioural sciences,521
DC208,Psychology,Dublin City University,Social and behavioural sciences,565
DC209,Health and Society,Dublin City University,Health,477
DC210,Psychology and Disruptive Technologies,Dublin City University,Social and behavioural sciences,506
DC215,General Nursing,Dublin City University,Health,456
DC216,Mental Health Nursing,Dublin City University,Health,420
DC217,Intellectual Disability Nursing,Dublin City University,Health,382
DC218,Children`s and General Nursing (Integrated),Dublin City University,Health,521
DC230,"Economics, Politics and Law",Dublin City University,Social and behavioural sciences,431
DC231,International Relations,Dublin City University,Social and behavioural sciences,398
DC232,Law and Society (BCL),Dublin City University,Law,469
DC235,Education and Training - Daytime and Flexible Delivery Mode (full-time),Dublin City University,Education,302
DC238,Social Sciences and Cultural Innovation,Dublin City University,Humanities (except languages),387
DC240,"Marketing, Innovation and Technology",Dublin City University,Business and administration,499
DC241,Digital Business and Innovation,Dublin City University,Business and administration,509
DC291,Arts (Joint Honours) - Media Studies,Dublin City University,Arts,350
DC292,Arts (Joint Honours) - Law,Dublin City University,Arts,400
DC293,Arts (Joint Honours) - International Languages,Dublin City University,Arts,379
DC294,Climate and Environmental Sustainability,Dublin City University,Environment,475
DC295,Arts (Joint Honours) - Politics,Dublin City University,Arts,349
DL822,Arts Management,"Dun Laoghaire Institute of Art, Design and Technology",Business and administration,254
DL823,Business Management,"Dun Laoghaire Institute of Art, Design and Technology",Business and administration,220
DL825,Applied Psychology,"Dun Laoghaire Institute of Art, Design and Technology",Social and behavioural sciences,418
DL826,Graphic Design,"Dun Laoghaire Institute of Art, Design and Technology",Arts,591
DL827,Art,"Dun Laoghaire Institute of Art, Design and Technology",Arts,574
DL832,Animation,"Dun Laoghaire Institute of Art, Design and Technology",Arts,989
DL833,Photography and Visual Media,"Dun Laoghaire Institute of Art, Design and Technology",Arts,671
DL836,Creative Computing,"Dun Laoghaire Institute of Art, Design and Technology",Information and Communication Technologies (ICTs),235
DL837,New Media Studies,"Dun Laoghaire Institute of Art, Design and Technology",Humanities (except languages),298
DL838,Creative Music Production,"Dun Laoghaire Institute of Art, Design and Technology",Arts,713
DL839,Interaction and User Experience Design,"Dun Laoghaire Institute of Art, Design and Technology",Information and Communication Technologies (ICTs),757
DL840,Digital Marketing,"Dun Laoghaire Institute of Art, Design and Technology",Business and administration,210
DL841,English and Equality Studies,"Dun Laoghaire Institute of Art, Design and Technology",Arts,277
DL843,Film,"Dun Laoghaire Institute of Art, Design and Technology",Arts,987
DL844,Television,"Dun Laoghaire Institute of Art, Design and Technology",Arts,566
DL845,Design for Film (degree options),"Dun Laoghaire Institute of Art, Design and Technology",Arts,628
GC200,Business,Griffith College,Business and administration,269
GC201,Accounting and Finance,Griffith College,Business and administration,260
GC230,Computing Science,Griffith College,Information and Communication Technologies (ICTs),300
GC300,Business,Griffith College,Business and administration,264
GC302,Business - HRM,Griffith College,Business and administration,377
GC307,Business (Marketing),Griffith College,Business and administration,289
GC400,Business,Griffith College,Business and administration,250
GC401,Accounting and Finance,Griffith College,Business and administration,242
GC403,Law,Griffith College,Law,245
GC407,Business (Marketing),Griffith College,Business and administration,264
GC430,Computing Science,Griffith College,Information and Communication Technologies (ICTs),251
GC450,Communications and Media Production,Griffith College,Journalism and information,225
GC462,Design Communication (portfolio),Griffith College,Arts,300
GC489,Interior Architecture (portfolio),Griffith College,Arts,288
GC494,Fashion Design (portfolio),Griffith College,Arts,351
BY001,Business,IBAT College Dublin,Business and administration,210
AD101,"First Year Art and Design (Common Entry,portfolio)",National College of Art and Design,Arts,554
AD102,Graphic Design and Moving Image Design (portfolio),National College of Art and Design,Arts,538
AD103,Textile and Surface Design and Jewellery and Objects (portfolio),National College of Art and Design,Arts,505
AD202,"Education and Design or Fine Art (Second Level Teaching,portfolio))",National College of Art and Design,Education,591
AD204,Fine Art (portfolio),National College of Art and Design,Arts,514
AD211,Fashion Design (portfolio),National College of Art and Design,Arts,760
AD212,Product Design (portfolio),National College of Art and Design,Arts,413
AD215,Visual Culture,National College of Art and Design,Arts,337
AD217,Illustration (portfolio),National College of Art and Design,Arts,738
AD222,Interaction Design (portfolio),National College of Art and Design,Information and Communication Technologies (ICTs),444
NC003,Computing (Degree Award options),National College of Ireland (NCI),Information and Communication Technologies (ICTs),271
NC005,Human Resource Management,National College of Ireland (NCI),Business and administration,301
NC009,Business,National College of Ireland (NCI),Business and administration,300
NC010,Psychology,National College of Ireland (NCI),Social and behavioural sciences,420
NC020,Marketing Practice,National College of Ireland (NCI),Business and administration,270
NC022,Accounting and Finance,National College of Ireland (NCI),Business and administration,330
NC023,Technology Management (with specialisations),National College of Ireland (NCI),Information and Communication Technologies (ICTs),266
NC030,Early Childhood Education and Care,National College of Ireland (NCI),Education,251
RC001,Medicine - Undergraduate Entry (HPAT required),RCSI University of Medicine & Health Sciences,Health,741
RC004,Physiotherapy,RCSI University of Medicine & Health Sciences,Health,589
RC005,Pharmacy,RCSI University of Medicine & Health Sciences,Health,613
NM801,Montessori Education,St Nicholas Montessori College Ireland,Education,262
NM802,Psychology,St Nicholas Montessori College Ireland,Social and behavioural sciences,228
TU801,Sustainable Energy Engineering,Technological University Dublin,Environment,235
TU802,Electrical Services and Energy Management,Technological University Dublin,Engineering and engineering trades,309
TU804,Engineering (Common Entry with Award options),Technological University Dublin,Engineering and engineering trades,270
TU805,Engineering (General Entry),Technological University Dublin,Engineering and engineering trades,466
TU807,Computer Engineering in Mobile Systems,Technological University Dublin,Engineering and engineering trades,274
TU810,Mechatronic Engineering,Technological University Dublin,Engineering and engineering trades,271
TU811,Product Design,Technological University Dublin,Arts,440
TU812,"Design,Technology and Innovation",Technological University Dublin,Manufacturing and processing,278
TU814,Sustainable Transport Management,Technological University Dublin,Transport services,253
TU828,Mechanical Engineering (General Entry),Technological University Dublin,Engineering and engineering trades,300
TU829,Electronic Engineering (General Entry),Technological University Dublin,Engineering and engineering trades,248
TU831,Architectural Technology,Technological University Dublin,Architecture and construction,423
TU832,Architecture (Suitability Test and Interview),Technological University Dublin,Architecture and construction,644
TU833,Construction Management,Technological University Dublin,Architecture and construction,396
TU834,Geographic Science,Technological University Dublin,Architecture and construction,315
TU835,Planning and Environmental Management,Technological University Dublin,Architecture and construction,330
TU836,Property Economics (Valuation Surveying),Technological University Dublin,Architecture and construction,411
TU837,Quantity Surveying and Construction Economics,Technological University Dublin,Architecture and construction,413
TU838,Sustainable Timber Technology,Technological University Dublin,Environment,307
TU851,"Analytical Chemistry (Environmental, Forensic and Pharmaceutical)",Technological University Dublin,Environment,400
TU852,Chemical Sciences with Medicinal Chemistry,Technological University Dublin,Physical sciences,477
TU854,Science (General Entry),Technological University Dublin,Biological and related sciences,510
TU855,Science with Nanotechnology,Technological University Dublin,Physical sciences,322
TU856,Computer Science,Technological University Dublin,Information and Communication Technologies (ICTs),499
TU857,Computer Science (Infrastructure),Technological University Dublin,Information and Communication Technologies (ICTs),403
TU858,Computer Science (International),Technological University Dublin,Information and Communication Technologies (ICTs),395
TU859,Computing,Technological University Dublin,Information and Communication Technologies (ICTs),251
TU860,Computing (Information Technology),Technological University Dublin,Information and Communication Technologies (ICTs),270
TU861,Computing with Language (French/German/Spanish),Technological University Dublin,Information and Communication Technologies (ICTs),235
TU862,Computing with Artificial Intelligence Machine Learning,Technological University Dublin,Information and Communication Technologies (ICTs),262
TU863,Digital Forensics and Cyber Security,Technological University Dublin,Information and Communication Technologies (ICTs),282
TU864,DNA and Forensic Analysis,Technological University Dublin,Biological and related sciences,500
TU865,Cloud Computing,Technological University Dublin,Information and Communication Technologies (ICTs),235
TU866,Biomedical and Molecular Diagnostics,Technological University Dublin,Health,522
TU867,Biomedical Science,Technological University Dublin,Health,576
TU868,Clinical Measurement Science,Technological University Dublin,Health,542
TU869,Environmental Health,Technological University Dublin,Hygiene and occupational health services,387
TU870,Human Nutrition and Dietetics,Technological University Dublin,Health,601
TU871,Optometry,Technological University Dublin,Health,532
TU872,Public Health Nutrition,Technological University Dublin,Biological and related sciences,487
TU874,Mathematical Sciences,Technological University Dublin,Mathematics and statistics,294
TU875,Pharmaceutical Healthcare,Technological University Dublin,Biological and related sciences,451
TU876,Pharmaceutical Science,Technological University Dublin,Biological and related sciences,445
TU877,Physics Technology,Technological University Dublin,Physical sciences,314
TU878,Physics with Energy and Environment,Technological University Dublin,Physical sciences,339
TU879,Physics with Medical Physics and Bioengineering,Technological University Dublin,Health,346
TU880,Physics with Data Science,Technological University Dublin,Physical sciences,412
TU881,Food Innovation,Technological University Dublin,Manufacturing and processing,309
TU882,Nutraceuticals in Health and Nutrition,Technological University Dublin,Biological and related sciences,380
TU902,Business (options),Technological University Dublin,Business and administration,270
TU903,Business and Management,Technological University Dublin,Business and administration,477
TU904,Business and Law,Technological University Dublin,Business and administration,462
TU905,Economics and Finance,Technological University Dublin,Social and behavioural sciences,460
TU906,Human Resource Management,Technological University Dublin,Business and administration,386
TU907,Logistics and Supply Chain Management,Technological University Dublin,Business and administration,300
TU910,Accounting,Technological University Dublin,Business and administration,420
TU912,Business Analytics,Technological University Dublin,Information and Communication Technologies (ICTs),331
TU914,Business Computing,Technological University Dublin,Information and Communication Technologies (ICTs),322
TU917,Law (LLB ) with a Language,Technological University Dublin,Law,356
TU918,Law (LLB),Technological University Dublin,Law,463
TU919,Advertising and Marketing Communications,Technological University Dublin,Business and administration,219
TU920,Digital Marketing,Technological University Dublin,Business and administration,270
TU921,Digital Marketing Technologies,Technological University Dublin,Business and administration,230
TU922,Marketing,Technological University Dublin,Business and administration,412
TU924,E-Commerce in Retailing,Technological University Dublin,Business and administration,307
TU925,Retail and Services Management,Technological University Dublin,Business and administration,307
TU932,Business (options),Technological University Dublin,Business and administration,211
TU933,Accounting and Finance (campus options),Technological University Dublin,Business and administration,251
TU935,Sports Management and Coaching,Technological University Dublin,Personal services,300
TU936,Sports Science and Health,Technological University Dublin,Biological and related sciences,484
TU941,Botanical Cuisine,Technological University Dublin,Personal services,311
TU942,Culinary Arts,Technological University Dublin,Personal services,252
TU943,Culinary Entrepreneurship,Technological University Dublin,Personal services,261
TU944,Culinary Science,Technological University Dublin,Personal services,336
TU951,International Hospitality and Tourism Management,Technological University Dublin,Personal services,244
TU952,International Hospitality Management,Technological University Dublin,Personal services,309
TU953,Tourism and Digital Marketing,Technological University Dublin,Personal services,308
TU954,Event Management,Technological University Dublin,Personal services,326
TU955,Sports and Leisure Management,Technological University Dublin,Personal services,275
TU961,Commercial Modern Music (BIMM - assessment/audition),Technological University Dublin,Arts,536
TU962,"Drama (Performance, audition)",Technological University Dublin,Arts,448
TU963,Music (audition),Technological University Dublin,Arts,364
TU965,International Business and Languages,Technological University Dublin,Business and administration,357
TU967,Languages and International Tourism,Technological University Dublin,Arts,298
TU973,Design - Visual Communication (portfolio),Technological University Dublin,Arts,700
TU974,Fine Art (portfolio),Technological University Dublin,Arts,549
TU975,Interior Design (portfolio),Technological University Dublin,Arts,544
TU976,Photography (portfolio),Technological University Dublin,Arts,700
TU978,Creative Industries and Visual Culture,Technological University Dublin,Arts,299
TU981,Creative Digital Media,Technological University Dublin,Arts,280
TU982,Media Production and Digital Arts,Technological University Dublin,Arts,369
TU983,Film and Broadcasting,Technological University Dublin,Arts,462
TU984,Game Design,Technological University Dublin,Information and Communication Technologies (ICTs),414
TU985,Journalism,Technological University Dublin,Journalism and information,367
TU989,Early Childhood Care and Education (campus options),Technological University Dublin,Education,270
TU991,Applied Social Studies in Social Care,Technological University Dublin,Welfare,326
TU992,Community Development and Youth Work,Technological University Dublin,Social and behavioural sciences,251
TU995,Early Childhood Education,Technological University Dublin,Education,378
TU996,Social Care,Technological University Dublin,Social and behavioural sciences,407
TU997,Applied Social Care,Technological University Dublin,Welfare,320
TR002,Music,Trinity College Dublin,Arts,508
TR003,History,Trinity College Dublin,Humanities (except languages),552
TR004,Law,Trinity College Dublin,Law,590
TR005,Philosophy,Trinity College Dublin,Humanities (except languages),510
TR006,Psychology,Trinity College Dublin,Social and behavioural sciences,601
TR007,Clinical Speech and Language Studies,Trinity College Dublin,Health,564
TR009,Music Education,Trinity College Dublin,Education,496
TR015,"Philosophy, Political Science, Economics and Sociology",Trinity College Dublin,Social and behavioural sciences,613
TR016,Deaf Studies,Trinity College Dublin,Languages,389
TR018,Law and French,Trinity College Dublin,Law,602
TR019,Law and German,Trinity College Dublin,Law,577
TR021,"Classics, Ancient History and Archaeology",Trinity College Dublin,Humanities (except languages),467
TR022,Early and Modern Irish,Trinity College Dublin,Languages,377
TR023,English Studies,Trinity College Dublin,Languages,546
TR024,European Studies,Trinity College Dublin,Humanities (except languages),566
TR025,Drama and Theatre Studies,Trinity College Dublin,Arts,543
TR028,Ancient and Medieval History and Culture,Trinity College Dublin,Humanities (except languages),498
TR031,Mathematics,Trinity College Dublin,Mathematics and statistics,579
TR032,Engineering,Trinity College Dublin,Engineering and engineering trades,556
TR033,Computer Science,Trinity College Dublin,Information and Communication Technologies (ICTs),566
TR034,Management Science and Information Systems Studies,Trinity College Dublin,Business and administration,625
TR035,Theoretical Physics,Trinity College Dublin,Physical sciences,590
TR038,Engineering with Management,Trinity College Dublin,Engineering and engineering trades,589
TR039,"Computer Science, Linguistics and a Language",Trinity College Dublin,Information and Communication Technologies (ICTs),443
TR040,Middle Eastern and European Languages and Cultures,Trinity College Dublin,Languages,520
TR041,Religion,Trinity College Dublin,Humanities (except languages),417
TR042,Film,Trinity College Dublin,Arts,531
TR043,History of Art and Architecture,Trinity College Dublin,Humanities (except languages),498
TR051,Medicine (HPAT required),Trinity College Dublin,Health,743
TR052,Dental Science,Trinity College Dublin,Health,625
TR053,Physiotherapy,Trinity College Dublin,Health,590
TR054,Occupational Therapy,Trinity College Dublin,Health,578
TR055,Radiation Therapy,Trinity College Dublin,Health,577
TR056,Human Health and Disease,Trinity College Dublin,Health,601
TR060,Biological and Biomedical Sciences,Trinity College Dublin,Biological and related sciences,578
TR061,Chemical Sciences,Trinity College Dublin,Physical sciences,558
TR062,Geography and Geoscience,Trinity College Dublin,Physical sciences,495
TR063,Physical Sciences,Trinity College Dublin,Physical sciences,554
TR064,Environmental Science and Engineering,Trinity College Dublin,Environment,555
TR072,Pharmacy,Trinity College Dublin,Health,613
TR080,Global Business,Trinity College Dublin,Business and administration,613
TR081,"Business, Economic and Social Studies (BESS)",Trinity College Dublin,Social and behavioural sciences,577
TR084,Social Studies (Social Work),Trinity College Dublin,Welfare,497
TR085,Business Studies and French,Trinity College Dublin,Business and administration,564
TR086,Business Studies and German,Trinity College Dublin,Business and administration,530
TR087,Business Studies and Russian,Trinity College Dublin,Business and administration,487
TR089,Business Studies and Polish,Trinity College Dublin,Business and administration,391
TR090,Business Studies and Spanish,Trinity College Dublin,Business and administration,566
TR091,General Nursing (Meath and St James`s),Trinity College Dublin,Health,462
TR093,General Nursing (Adelaide School of Nursing),Trinity College Dublin,Health,473
TR095,Mental Health Nursing,Trinity College Dublin,Health,442
TR097,Intellectual Disability Nursing,Trinity College Dublin,Health,412
TR111,Ancient History and Archaeology/Geography,Trinity College Dublin,Arts,496
TR112,Ancient History and Archaeology/History,Trinity College Dublin,Arts,577
TR113,Ancient History and Archaeology/History of Art and Architecture,Trinity College Dublin,Arts,528
TR114,Ancient History and Archaeology/Modern Language,Trinity College Dublin,Arts,507
TR117,Ancient History and Archaeology/Religion,Trinity College Dublin,Arts,494
TR166,Classical Civilisation/English Literature,Trinity College Dublin,Arts,552
TR173,Classical Civilisation/History of Art and Architecture,Trinity College Dublin,Arts,420
TR177,Classical Civilisation/Modern Language,Trinity College Dublin,Arts,484
TR179,Classical Civilisation/Philosophy,Trinity College Dublin,Arts,508
TR188,Computer Science/Business Studies,Trinity College Dublin,Information and Communication Technologies (ICTs),584
TR198,Economics/Geography,Trinity College Dublin,Arts,968
TR202,Economics/History,Trinity College Dublin,Arts,601
TR207,Economics/Mathematics,Trinity College Dublin,Arts,613
TR208,Economics/Modern Language,Trinity College Dublin,Arts,589
TR209,Economics/Philosophy,Trinity College Dublin,Arts,588
TR212,Economics/Sociology,Trinity College Dublin,Arts,589
TR214,Social Policy/Economics,Trinity College Dublin,Social and behavioural sciences,611
TR228,Classical Languages/English Literature,Trinity College Dublin,Arts,555
TR230,Classical Languages/Linguistics,Trinity College Dublin,Interdisciplinary programmes and qualifications involving arts and humanities,501
TR231,Classical Languages/History of Art and Architecture,Trinity College Dublin,Interdisciplinary programmes and qualifications involving arts and humanities,613
TR233,"Classical Languages/Middle Eastern,Jewish and Islamic Civilisations",Trinity College Dublin,Interdisciplinary programmes and qualifications involving arts and humanities,583
TR239,Classical Languages/Modern Language,Trinity College Dublin,Arts,543
TR240,Computer Science/Geography,Trinity College Dublin,Information and Communication Technologies (ICTs),482
TR241,Computer Science/Linguistics,Trinity College Dublin,Information and Communication Technologies (ICTs),495
TR262,English Literature/History,Trinity College Dublin,Arts,576
TR263,English Literature/History of Art and Architecture,Trinity College Dublin,Arts,571
TR269,English Literature/Philosophy,Trinity College Dublin,Arts,555
TR272,English Literature/Sociology,Trinity College Dublin,Arts,553
TR276,English Literature/Drama Studies,Trinity College Dublin,Arts,555
TR277,English Literature/Modern Language,Trinity College Dublin,Arts,554
TR311,Film/Drama Studies,Trinity College Dublin,Arts,578
TR312,Film/English Literature,Trinity College Dublin,Arts,576
TR320,Film/Music,Trinity College Dublin,Arts,584
TR322,Geography/History,Trinity College Dublin,Arts,578
TR323,Drama Studies/Modern Language,Trinity College Dublin,Arts,495
TR324,Film/Modern Language,Trinity College Dublin,Arts,577
TR325,Film/History,Trinity College Dublin,Arts,578
TR326,Geography/Modern Language,Trinity College Dublin,Arts,451
TR328,Political Science/Geography,Trinity College Dublin,Social and behavioural sciences,564
TR332,Geography/Sociology,Trinity College Dublin,Arts,522
TR443,History/History of Art and Architecture,Trinity College Dublin,Arts,581
TR447,History/Modern Language,Trinity College Dublin,Arts,576
TR449,History/Philosophy,Trinity College Dublin,Arts,579
TR455,History of Art and Architecture/Modern Language,Trinity College Dublin,Arts,451
TR457,History/Political Science,Trinity College Dublin,Social and behavioural sciences,576
TR479,History of Art and Architecture/Philosophy,Trinity College Dublin,Arts,509
TR482,Sociology/History of Art and Architecture,Trinity College Dublin,Social and behavioural sciences,522
TR547,"Middle Eastern,Jewish and Islamic Civ./Ancient History and Archaeology",Trinity College Dublin,Arts,543
TR548,"Middle Eastern,Jewish and Islamic Civilisations/Classical Civilisation",Trinity College Dublin,Arts,544
TR554,"Middle Eastern,Jewish and Islamic Civilisations/History",Trinity College Dublin,Arts,576
TR563,"Middle Eastern,Jewish and Islamic Civilisations/Modern Language",Trinity College Dublin,Arts,590
TR565,"Middle Eastern,Jewish and Islamic Civilisations/Religion",Trinity College Dublin,Arts,999
TR580,Business Studies/Law,Trinity College Dublin,Business and administration,625
TR581,History/Law,Trinity College Dublin,Arts,625
TR582,Political Science/Law,Trinity College Dublin,Social and behavioural sciences,625
TR588,Linguistics/Modern Language,Trinity College Dublin,Arts,456
TR589,Linguistics/Philosophy,Trinity College Dublin,Arts,520
TR592,"Sociology/Middle Eastern,Jewish and Islamic Civilisations",Trinity College Dublin,Social and behavioural sciences,531
TR597,Mathematics/Modern Language,Trinity College Dublin,Arts,613
TR598,Mathematics/Music,Trinity College Dublin,Arts,625
TR599,Mathematics/Philosophy,Trinity College Dublin,Arts,625
TR629,Music/Philosophy,Trinity College Dublin,Arts,533
TR635,Music/Drama Studies,Trinity College Dublin,Arts,532
TR636,Music/Modern Language,Trinity College Dublin,Arts,530
TR639,Philosophy/Modern Language,Trinity College Dublin,Arts,520
TR662,Philosophy/Sociology,Trinity College Dublin,Arts,531
TR663,Religion/Classical Civilisation,Trinity College Dublin,Arts,418
TR664,Religion/English Literature,Trinity College Dublin,Arts,968
TR665,Religion/History of Art and Architecture,Trinity College Dublin,Arts,369
TR667,French/Modern Language,Trinity College Dublin,Arts,466
TR668,German/Modern Language,Trinity College Dublin,Arts,441
TR669,Irish/Modern Language,Trinity College Dublin,Arts,464
TR670,Italian/Modern Language,Trinity College Dublin,Arts,462
TR671,Russian/Modern Language,Trinity College Dublin,Arts,501
TR672,Spanish/Modern Language,Trinity College Dublin,Arts,486
TR756,Sociology/Modern Language,Trinity College Dublin,Arts,522
TR757,Modern Language/Social Policy,Trinity College Dublin,Social and behavioural sciences,555
TR758,Social Policy/Political Science,Trinity College Dublin,Social and behavioural sciences,566
TR759,Sociology/Social Policy,Trinity College Dublin,Social and behavioural sciences,554
TR911,Children`s and General Nursing (Integrated),Trinity College Dublin,Health,531
TR913,Midwifery,Trinity College Dublin,Health,521
DN100,Architecture,University College Dublin (NUI),Architecture and construction,555
DN120,Landscape Architecture,University College Dublin (NUI),Architecture and construction,463
DN130,City Planning and Environmental Policy,University College Dublin (NUI),Architecture and construction,445
DN150,Engineering (Common Entry),University College Dublin (NUI),Engineering and engineering trades,565
DN200,Science (options),University College Dublin (NUI),"Interdisciplinary programmes and qualifications involving natural sciences, Mathematics and statistics",577
DN201,Computer Science (Common Entry),University College Dublin (NUI),Information and Communication Technologies (ICTs),554
DN230,Actuarial and Financial Studies,University College Dublin (NUI),Mathematics and statistics,613
DN240,Sustainability,University College Dublin (NUI),Environment,510
DN250,Agricultural Science (options),University College Dublin (NUI),"Interdisciplinary programmes and qualifications involving agriculture, forestry and veterinary",454
DN261,Food Science,University College Dublin (NUI),Agriculture,531
DN262,Human Nutrition,University College Dublin (NUI),Health,566
DN300,Veterinary Medicine - Undergraduate Entry,University College Dublin (NUI),Veterinary,601
DN301,Veterinary Medicine - Graduate Entry (GAMSAT required),University College Dublin (NUI),Veterinary,#
DN310,Veterinary Nursing,University College Dublin (NUI),Veterinary,521
DN400,Medicine - Undergraduate Entry (HPAT required),University College Dublin (NUI),Health,743
DN401,Medicine - Graduate Entry (GAMSAT required),University College Dublin (NUI),Health,61
DN410,Radiography,University College Dublin (NUI),Health,566
DN411,Radiography - Graduate Entry,University College Dublin (NUI),Health,#
DN420,Physiotherapy,University College Dublin (NUI),Health,601
DN425,Health and Performance Science,University College Dublin (NUI),Health,544
DN430,Sport and Exercise Management,University College Dublin (NUI),Business and administration,484
DN440,"Biomedical, Health and Life Sciences",University College Dublin (NUI),Biological and related sciences,613
DN450,General Nursing,University College Dublin (NUI),Health,462
DN451,Children`s and General Nursing (Integrated),University College Dublin (NUI),Health,533
DN452,Midwifery,University College Dublin (NUI),Health,510
DN453,Mental Health Nursing,University College Dublin (NUI),Health,442
DN520,Joint Honours (options),University College Dublin (NUI),Arts,381
DN530,Humanities (options),University College Dublin (NUI),Humanities (except languages),397
DN541,Modern Languages (options),University College Dublin (NUI),Languages,320
DN600,Law (options),University College Dublin (NUI),Law,576
DN610,Business and Law,University College Dublin (NUI),Business and administration,573
DN650,Commerce,University College Dublin (NUI),Business and administration,555
DN660,Commerce International (options),University College Dublin (NUI),Business and administration,555
DN670,Economics and Finance,University College Dublin (NUI),Business and administration,625
DN700,Social Sciences (options),University College Dublin (NUI),Social and behavioural sciences,475
DN710,Economics,University College Dublin (NUI),Social and behavioural sciences,534
DN720,Psychology,University College Dublin (NUI),Social and behavioural sciences,566
DN750,Social Policy and Sociology,University College Dublin (NUI),Social and behavioural sciences,421
DK810,Accounting and Finance,Dundalk Institute of Technology,Business and administration,307
DK816,Business Studies,Dundalk Institute of Technology,Business and administration,301
DK820,Computing in Games Development,Dundalk Institute of Technology,Information and Communication Technologies (ICTs),309
DK821,Computing in Software Development,Dundalk Institute of Technology,Information and Communication Technologies (ICTs),320
DK822,Augmented and Virtual Reality,Dundalk Institute of Technology,Information and Communication Technologies (ICTs),320
DK830,Building Surveying,Dundalk Institute of Technology,Architecture and construction,305
DK831,Architectural Technology,Dundalk Institute of Technology,Architecture and construction,368
DK832,Construction Management,Dundalk Institute of Technology,Architecture and construction,358
DK843,Engineering (Common Entry),Dundalk Institute of Technology,Engineering and engineering trades,404
DK844,Mechanical Engineering,Dundalk Institute of Technology,Engineering and engineering trades,336
DK845,Electrical and Electronic Engineering,Dundalk Institute of Technology,Engineering and engineering trades,331
DK846,Civil Engineering,Dundalk Institute of Technology,Architecture and construction,371
DK850,International Tourism Management,Dundalk Institute of Technology,Personal services,303
DK861,Arts,Dundalk Institute of Technology,Social and behavioural sciences,302
DK862,Social Care,Dundalk Institute of Technology,Welfare,322
DK863,Creative Media,Dundalk Institute of Technology,Arts,336
DK864,Film and Television Production,Dundalk Institute of Technology,Arts,308
DK865,Audio and Music Production,Dundalk Institute of Technology,Arts,352
DK870,General Nursing,Dundalk Institute of Technology,Health,440
DK872,Intellectual Disability Nursing,Dundalk Institute of Technology,Health,367
DK874,Mental Health Nursing,Dundalk Institute of Technology,Health,398
DK876,Early Childhood Studies,Dundalk Institute of Technology,Welfare,300
DK877,Midwifery,Dundalk Institute of Technology,Health,482
DK880,Health and Physical Activity,Dundalk Institute of Technology,Health,301
DK882,Agriculture (Award options),Dundalk Institute of Technology,"Interdisciplinary programmes and qualifications involving agriculture, forestry and veterinary",342
DK883,Science (Award options),Dundalk Institute of Technology,"Interdisciplinary programmes and qualifications involving natural sciences, Mathematics and statistics",373
DK884,Sustainable Agriculture,Dundalk Institute of Technology,Agriculture,348
DK886,Biopharmaceutical Science,Dundalk Institute of Technology,Manufacturing and processing,379
DK887,Environmental Science,Dundalk Institute of Technology,Environment,377
GA181,Accounting,Galway-Mayo Institute of Technology,Business and administration,303
GA182,Business,Galway-Mayo Institute of Technology,Business and administration,285
GA183,Business Information Systems,Galway-Mayo Institute of Technology,Information and Communication Technologies (ICTs),298
GA184,Marketing and Sales,Galway-Mayo Institute of Technology,Business and administration,300
GA185,Finance and Economics,Galway-Mayo Institute of Technology,Business and administration,318
GA186,Business with Entrepreneurship,Galway-Mayo Institute of Technology,Business and administration,287
GA187,Rural Enterprise and Agri-Business,Galway-Mayo Institute of Technology,Agriculture,291
GA281,Film and Documentary,Galway-Mayo Institute of Technology,Arts,310
GA282,Heritage Studies,Galway-Mayo Institute of Technology,Social and behavioural sciences,252
GA283,Contemporary Art (portfolio),Galway-Mayo Institute of Technology,Arts,790
GA284,Design,Galway-Mayo Institute of Technology,Arts,331
GA285,"Education (Art, Design and Graphics)",Galway-Mayo Institute of Technology,Education,406
GA380,International Hotel Management,Galway-Mayo Institute of Technology,Personal services,218
GA381,International Tourism Management,Galway-Mayo Institute of Technology,Personal services,252
GA382,Culinary and Gastronomic Science,Galway-Mayo Institute of Technology,Manufacturing and processing,235
GA384,Event Management with Public Relations,Galway-Mayo Institute of Technology,Personal services,230
GA480,Construction Management,Galway-Mayo Institute of Technology,Architecture and construction,302
GA482,Quantity Surveying and Construction Economics,Galway-Mayo Institute of Technology,Architecture and construction,304
GA483,Architectural Technology,Galway-Mayo Institute of Technology,Architecture and construction,281
GA484,Civil Engineering,Galway-Mayo Institute of Technology,Architecture and construction,377
GA580,Software and Electronic Engineering,Galway-Mayo Institute of Technology,Engineering and engineering trades,300
GA680,Mechanical Engineering,Galway-Mayo Institute of Technology,Engineering and engineering trades,400
GA681,Energy Engineering,Galway-Mayo Institute of Technology,Engineering and engineering trades,312
GA682,Biomedical Engineering,Galway-Mayo Institute of Technology,Engineering and engineering trades,331
GA683,Agricultural Engineering,Galway-Mayo Institute of Technology,Engineering and engineering trades,304
GA684,Engineering Common Entry to Manu/Agri/Biomed/Energy/Mech Eng,Galway-Mayo Institute of Technology,Engineering and engineering trades,413
GA685,Manufacturing Engineering Design,Galway-Mayo Institute of Technology,Manufacturing and processing,336
GA780,Applied Freshwater and Marine Biology,Galway-Mayo Institute of Technology,Biological and related sciences,366
GA781,Applied Biology and Biopharmaceutical Science,Galway-Mayo Institute of Technology,Biological and related sciences,381
GA782,Chemical and Pharmaceutical Science,Galway-Mayo Institute of Technology,Environment,356
GA783,Physics and Instrumentation,Galway-Mayo Institute of Technology,Physical sciences,301
GA784,Science (Undenominated),Galway-Mayo Institute of Technology,Biological and related sciences,445
GA785,Medical Science,Galway-Mayo Institute of Technology,Health,517
GA786,Forensic Science and Analysis,Galway-Mayo Institute of Technology,Physical sciences,408
GA787,Computing in Software Development,Galway-Mayo Institute of Technology,Information and Communication Technologies (ICTs),310
GA788,Computing and Digital Media,Galway-Mayo Institute of Technology,Information and Communication Technologies (ICTs),270
GA789,Agriculture and Environmental Management,Galway-Mayo Institute of Technology,Agriculture,340
GA790,Sport and Exercise Science,Galway-Mayo Institute of Technology,Personal services,376
GA791,Public Health Nutrition,Galway-Mayo Institute of Technology,Biological and related sciences,368
GA880,General Nursing,Galway-Mayo Institute of Technology,Health,440
GA882,Psychiatric Nursing,Galway-Mayo Institute of Technology,Health,369
GA885,Outdoor Education,Galway-Mayo Institute of Technology,Personal services,269
GA887,History and Geography,Galway-Mayo Institute of Technology,Humanities (except languages),201
GA889,Applied Social Care,Galway-Mayo Institute of Technology,Welfare,265
GA890,Early Childhood Education and Care,Galway-Mayo Institute of Technology,Education,281
GA891,Geography and Outdoor Education,Galway-Mayo Institute of Technology,Environment,261
GA980,Education (Design Graphics and Construction),Galway-Mayo Institute of Technology,Education,410
GA981,Furniture Design and Manufacture,Galway-Mayo Institute of Technology,Arts,346
GA982,Furniture Making and Architectural Woodworking,Galway-Mayo Institute of Technology,Arts,360
GA984,"Furniture Design, Making and Technology - Common Entry",Galway-Mayo Institute of Technology,Arts,486
GY101,Arts (Joint-Honours),"National University of Ireland, Galway",Arts,327
GY104,BSc (Psychology),"National University of Ireland, Galway",Social and behavioural sciences,564
GY105,Arts (History),"National University of Ireland, Galway",Humanities (except languages),357
GY109,Arts (Mathematics and Education),"National University of Ireland, Galway",Education,413
GY110,Arts (Children and Youth Studies - options),"National University of Ireland, Galway",Social and behavioural sciences,387
GY111,Arts (English and Creative Writing),"National University of Ireland, Galway",Arts,421
GY113,Arts with Human Rights,"National University of Ireland, Galway",Social and behavioural sciences,413
GY115,Arts with Performing Arts Studies,"National University of Ireland, Galway",Arts,300
GY118,"Arts (Drama, Theatre and Performance Studies)","National University of Ireland, Galway",Arts,453
GY119,Arts (Journalism),"National University of Ireland, Galway",Journalism and information,484
GY122,Na Dána (Cumarsáid agus Gaeilge),"National University of Ireland, Galway",Arts,410
GY123,Applied Social Sciences,"National University of Ireland, Galway",Social and behavioural sciences,419
GY125,Arts (Digital Arts and Technology),"National University of Ireland, Galway",Arts,403
GY127,Arts (Film and Digital Media),"National University of Ireland, Galway",Arts,430
GY128,Arts (Global Languages),"National University of Ireland, Galway",Languages,346
GY129,Arts (Global Experience),"National University of Ireland, Galway",Arts,465
GY130,Arts (Music),"National University of Ireland, Galway",Arts,462
GY132,"Government (Politics, Economics and Law)","National University of Ireland, Galway",Social and behavioural sciences,465
GY133,Education (Computer Science and Mathematical Studies),"National University of Ireland, Galway",Education,454
GY134,Geography and Geosystems,"National University of Ireland, Galway",Physical sciences,425
GY135,Arts (Global Media),"National University of Ireland, Galway",Arts,442
GY136,Na Dána (Léann Teanga - options),"National University of Ireland, Galway",Languages,526
GY201,Commerce,"National University of Ireland, Galway",Business and administration,476
GY202,Commerce (International) with French,"National University of Ireland, Galway",Business and administration,520
GY203,Commerce (International) with German,"National University of Ireland, Galway",Business and administration,518
GY204,Commerce (International) with Spanish,"National University of Ireland, Galway",Business and administration,506
GY206,Business Information Systems (Work Placement and Optional Int`l Study),"National University of Ireland, Galway",Business and administration,509
GY207,Commerce (Accounting) including optional Global Experience year,"National University of Ireland, Galway",Business and administration,543
GY208,Commerce (Gaeilge),"National University of Ireland, Galway",Business and administration,508
GY209,Commerce (Global Experience),"National University of Ireland, Galway",Business and administration,551
GY250,Law and Business,"National University of Ireland, Galway",Law,510
GY251,Law (BCL),"National University of Ireland, Galway",Law,542
GY252,Law (BCL) and Human Rights,"National University of Ireland, Galway",Law,565
GY253,Law and Taxation,"National University of Ireland, Galway",Law,506
GY254,"Law (BCL), Criminology and Criminal Justice","National University of Ireland, Galway",Law,548
GY261,Business Studies in International Hotel Management (interview),"National University of Ireland, Galway",Business and administration,503
GY262,Commerce in International Hotel Management (interview),"National University of Ireland, Galway",Business and administration,709
GY301,Science,"National University of Ireland, Galway",Biological and related sciences,489
GY303,Biomedical Science,"National University of Ireland, Galway",Biological and related sciences,613
GY304,Biotechnology,"National University of Ireland, Galway",Engineering and engineering trades,498
GY308,Environmental Science,"National University of Ireland, Galway",Environment,431
GY309,Financial Mathematics and Economics,"National University of Ireland, Galway",Mathematics and statistics,509
GY310,Marine Science,"National University of Ireland, Galway",Physical sciences,467
GY313,Environmental Health and Safety,"National University of Ireland, Galway",Hygiene and occupational health services,412
GY314,Earth and Ocean Sciences,"National University of Ireland, Galway",Physical sciences,422
GY318,Biopharmaceutical Chemistry,"National University of Ireland, Galway",Biological and related sciences,555
GY319,Mathematical Science,"National University of Ireland, Galway",Mathematics and statistics,543
GY320,"Physics (Degree options: Applied,Astrophysics,Biomedical,Theoretical)","National University of Ireland, Galway",Physical sciences,465
GY321,Genetics and Genomics,"National University of Ireland, Galway",Biological and related sciences,532
GY322,Agricultural Sciences,"National University of Ireland, Galway",Agriculture,485
GY350,Computer Science and Information Technology,"National University of Ireland, Galway",Information and Communication Technologies (ICTs),495
GY401,Engineering (Undenominated),"National University of Ireland, Galway",Engineering and engineering trades,522
GY402,Civil Engineering,"National University of Ireland, Galway",Architecture and construction,533
GY405,Mechanical Engineering,"National University of Ireland, Galway",Engineering and engineering trades,541
GY406,Electronic and Computer Engineering,"National University of Ireland, Galway",Engineering and engineering trades,555
GY408,Biomedical Engineering,"National University of Ireland, Galway",Engineering and engineering trades,554
GY410,Project and Construction Management,"National University of Ireland, Galway",Architecture and construction,431
GY413,Energy Systems Engineering,"National University of Ireland, Galway",Engineering and engineering trades,509
GY414,Electrical and Electronic Engineering,"National University of Ireland, Galway",Engineering and engineering trades,433
GY501,"Medicine (five year/six year course, HPAT required)","National University of Ireland, Galway",Health,737
GY502,Occupational Therapy,"National University of Ireland, Galway",Health,601
GY503,Speech and Language Therapy,"National University of Ireland, Galway",Health,578
GY504,Podiatric Medicine,"National University of Ireland, Galway",Health,531
GY515,General Nursing (Galway and Portiuncula),"National University of Ireland, Galway",Health,502
GY516,Mental Health Nursing,"National University of Ireland, Galway",Health,475
GY517,Midwifery,"National University of Ireland, Galway",Health,520
LY108,Business - Accounting,Letterkenny Institute of Technology,Business and administration,312
LY118,Business,Letterkenny Institute of Technology,Business and administration,288
LY128,Marketing with Online Technologies,Letterkenny Institute of Technology,Business and administration,261
LY208,Law,Letterkenny Institute of Technology,Law,300
LY228,Sports and Exercise - Common Entry,Letterkenny Institute of Technology,Personal services,290
LY408,Design - Common Entry,Letterkenny Institute of Technology,Arts,301
LY508,Fire Safety Engineering,Letterkenny Institute of Technology,Architecture and construction,283
LY518,Quantity Surveying,Letterkenny Institute of Technology,Architecture and construction,304
LY528,Construction Management,Letterkenny Institute of Technology,Architecture and construction,262
LY538,Architectural Technology,Letterkenny Institute of Technology,Architecture and construction,234
LY608,Mechanical Engineering,Letterkenny Institute of Technology,Engineering and engineering trades,300
LY618,Electronic Engineering,Letterkenny Institute of Technology,Engineering and engineering trades,321
LY708,Applied Computing,Letterkenny Institute of Technology,Information and Communication Technologies (ICTs),320
LY748,Computer Science,Letterkenny Institute of Technology,Information and Communication Technologies (ICTs),316
LY818,Science - Common Entry,Letterkenny Institute of Technology,Biological and related sciences,302
LY828,Agriculture - Common Entry,Letterkenny Institute of Technology,Agriculture,308
LY908,General Nursing,Letterkenny Institute of Technology,Health,429
LY918,Psychiatric Nursing,Letterkenny Institute of Technology,Health,367
LY928,Intellectual Disability Nursing,Letterkenny Institute of Technology,Health,357
LY968,"Early Childhood Care, Health and Education",Letterkenny Institute of Technology,Welfare,288
LY978,Health and Social Care - Common Entry,Letterkenny Institute of Technology,Health,279
MI001,Contemporary and Applied Theatre Studies,Mary Immaculate College,Arts,209
MI002,Arts,Mary Immaculate College,Arts,280
MI004,Education - Primary Teaching - International,Mary Immaculate College,Education,589
MI005,Education - Primary Teaching,Mary Immaculate College,Education,522
MI006,Education - Primary Teaching - Gaeltacht Applicants,Mary Immaculate College,Education,485
MI007,Early Childhood Care and Education,Mary Immaculate College,Education,409
MI008,Education and Psychology - Primary Teaching,Mary Immaculate College,Education,590
MI009,"Education, Business Studies and Accounting",Mary Immaculate College,Education,434
MI010,"Education, Business Studies and Religious Studies",Mary Immaculate College,Education,370
MI011,"Education, Gaeilge and Religious Studies",Mary Immaculate College,Education,407
MI012,"Education, Gaeilge and Business Studies",Mary Immaculate College,Education,387
MI013,"Education, Mathematics and Gaeilge",Mary Immaculate College,Education,509
MI014,"Education, Mathematics and Business Studies",Mary Immaculate College,Education,476
CI110,Counselling and Psychotherapy,Irish College of Humanities & Applied Sciences,Welfare,292
CI111,Counselling and Psychotherapy with Addiction Studies,Irish College of Humanities & Applied Sciences,Welfare,290
CI112,Counselling and Psychotherapy with Youth Studies,Irish College of Humanities & Applied Sciences,Welfare,325
LC110,"Art and Design (Common Entry, portfolio)",Limerick Institute of Technology,Arts,794
LC114,Fashion and Textiles for Product and Costume (portfolio),Limerick Institute of Technology,Arts,914
LC115,"Art and Design Teacher Education (LIT and UL, portfolio)",Limerick Institute of Technology,Education,993
LC220,Digital Marketing,Limerick Institute of Technology,Business and administration,263
LC223,Law and Taxation,Limerick Institute of Technology,Law,331
LC224,Accounting and Finance,Limerick Institute of Technology,Business and administration,300
LC225,Marketing and Management,Limerick Institute of Technology,Business and administration,298
LC226,Enterprise and Innovation,Limerick Institute of Technology,Business and administration,255
LC233,Software Development,Limerick Institute of Technology,Information and Communication Technologies (ICTs),280
LC234,Immersive Digital Media and Spatial Computing,Limerick Institute of Technology,Information and Communication Technologies (ICTs),226
LC236,Internet Systems Development,Limerick Institute of Technology,Information and Communication Technologies (ICTs),260
LC239,Computer Networks and Systems Management,Limerick Institute of Technology,Information and Communication Technologies (ICTs),317
LC241,Construction Management,Limerick Institute of Technology,Architecture and construction,326
LC242,Property Valuation and Management,Limerick Institute of Technology,Architecture and construction,308
LC243,Quantity Surveying,Limerick Institute of Technology,Architecture and construction,278
LC248,Built Environment (Common Entry),Limerick Institute of Technology,Architecture and construction,300
LC252,Civil Engineering Management,Limerick Institute of Technology,Architecture and construction,264
LC263,Medical Technology,Limerick Institute of Technology,Health,391
LC265,Forensic and Pharmaceutical Sciences,Limerick Institute of Technology,Physical sciences,498
LC266,Drug and Medicinal Product Analysis,Limerick Institute of Technology,Physical sciences,252
LC275,Electrical Engineering,Limerick Institute of Technology,Engineering and engineering trades,361
LC288,Mechanical Engineering,Limerick Institute of Technology,Engineering and engineering trades,378
LC289,Precision Engineering,Limerick Institute of Technology,Engineering and engineering trades,261
LC292,Social Care Work,Limerick Institute of Technology,Welfare,374
LC293,Business Studies with Travel and Tourism Management,Limerick Institute of Technology,Personal services,271
LC294,Business Studies with Event Management,Limerick Institute of Technology,Personal services,279
LC295,Business Studies with Sports Management,Limerick Institute of Technology,Business and administration,262
LC297,Community and Addiction Studies,Limerick Institute of Technology,Social and behavioural sciences,272
LC320,Business,Limerick Institute of Technology,Business and administration,381
LC330,Business with Computing,Limerick Institute of Technology,Information and Communication Technologies (ICTs),328
LC340,Interior Design,Limerick Institute of Technology,Arts,391
LC362,Biotechnology and Biopharmaceutical Sciences,Limerick Institute of Technology,Biological and related sciences,429
LC371,Creative Broadcast and Film Production,Limerick Institute of Technology,Arts,325
LC372,Music Technology and Production,Limerick Institute of Technology,Arts,377
LC374,Renewable and Electrical Energy Engineering,Limerick Institute of Technology,Engineering and engineering trades,337
LC375,Industrial Automation and Robotic Systems,Limerick Institute of Technology,Engineering and engineering trades,309
LC376,Electronic Engineering with Computer Systems,Limerick Institute of Technology,Engineering and engineering trades,357
LC380,Automotive Engineering and Transport Management,Limerick Institute of Technology,Engineering and engineering trades,298
LC392,Business Studies in Beauty and Spa Management,Limerick Institute of Technology,Personal services,328
LC393,Early Childhood Education and Care,Limerick Institute of Technology,Welfare,309
LC402,Social Care Work,Limerick Institute of Technology,Welfare,228
LC408,Environmental Science and Climate,Limerick Institute of Technology,Environment,279
LC416,Business,Limerick Institute of Technology,Business and administration,260
LC418,Computing - Games Design and Development,Limerick Institute of Technology,Information and Communication Technologies (ICTs),260
LC422,Applied Strength and Conditioning,Limerick Institute of Technology,Personal services,289
LC502,Game Art and Design (portfolio),Limerick Institute of Technology,Information and Communication Technologies (ICTs),841
LC517,Creative Media and Design,Limerick Institute of Technology,Information and Communication Technologies (ICTs),279
LC518,Digital Animation Production (portfolio),Limerick Institute of Technology,Information and Communication Technologies (ICTs),807
LC612,Social Care Work,Limerick Institute of Technology,Welfare,309
LM002,Arts,University of Limerick,Humanities (except languages),360
LM019,Social Sciences,University of Limerick,Social and behavioural sciences,451
LM020,Law and Accounting,University of Limerick,Law,474
LM026,Performing Arts (audition format TBC),University of Limerick,Arts,329
LM028,Criminal Justice,University of Limerick,Law,420
LM029,Law Plus,University of Limerick,Law,530
LM038,Psychology and Sociology,University of Limerick,Social and behavioural sciences,530
LM039,Journalism and Digital Communication,University of Limerick,Journalism and information,432
LM040,European Studies,University of Limerick,Humanities (except languages),409
LM044,Applied Languages,University of Limerick,Languages,429
LM050,Business Studies (options),University of Limerick,Business and administration,451
LM056,International Business,University of Limerick,Business and administration,555
LM058,Financial Mathematics,University of Limerick,Mathematics and statistics,468
LM063,Technology Management,University of Limerick,Information and Communication Technologies (ICTs),410
LM066,Environmental Science,University of Limerick,Environment,430
LM068,Food Science and Health,University of Limerick,Manufacturing and processing,464
LM076,Product Design and Technology (portfolio required),University of Limerick,Manufacturing and processing,401
LM077,Aeronautical Engineering,University of Limerick,Engineering and engineering trades,567
LM082,Construction Management and Engineering,University of Limerick,Architecture and construction,446
LM089,Sport and Exercise Sciences,University of Limerick,Personal services,498
LM090,Physical Education with concurrent Teacher Education,University of Limerick,Education,552
LM091,Languages with concurrent Teacher Education,University of Limerick,Education,506
LM092,Science with Teacher Ed (Biology with Physics/Chemistry/Ag Science),University of Limerick,Education,521
LM093,Equine Science,University of Limerick,Biological and related sciences,367
LM094,Materials and Architectural Technology with concurrent Teacher Education,University of Limerick,Education,475
LM095,Materials and Engineering Technology with concurrent Teacher Education,University of Limerick,Education,425
LM096,Science with Teacher Ed (Physical Sciences with Chemistry and Physics),University of Limerick,Education,454
LM097,Mathematics and Computer Science with concurrent Teacher Education,University of Limerick,Mathematics and statistics,465
LM099,Architecture,University of Limerick,Architecture and construction,520
LM100,Physiotherapy,University of Limerick,Health,613
LM101,Medicine  - Graduate Entry (GAMSAT required),University of Limerick,Health,57
LM102,Psychology,University of Limerick,Social and behavioural sciences,534
LM103,Paramedic Studies (Full B/Provisional C1 Drivers Licence),University of Limerick,Health,429
LM105,Exercise and Health Fitness Management,University of Limerick,Personal services,441
LM115,Chemical and Biochemical Engineering,University of Limerick,Physical sciences,476
LM116,Engineering (Biomedical/Civil/Design and Manufacture/Mechanical),University of Limerick,Engineering and engineering trades,498
LM118,Electronic and Computer Engineering,University of Limerick,Engineering and engineering trades,445
LM121,Computer Science (Computer Systems/Games Dev/Mobile Comm Security),University of Limerick,Information and Communication Technologies (ICTs),402
LM122,Creative Media and Interaction Design (Digital Design/Music Media Tech),University of Limerick,Information and Communication Technologies (ICTs),382
LM123,Biological and Chemical Sc. (Biosci/Envir Sci/Ind Bio/Pharma and In,University of Limerick,Biological and related sciences,498
LM124,Mathematics (Math Science/Maths and Physics/Economics and Maths),University of Limerick,Mathematics and statistics,455
LM125,Physics (Applied Physics or Mathematics and Physics),University of Limerick,Physical sciences,489
LM150,General Nursing,University of Limerick,Health,498
LM152,Mental Health Nursing,University of Limerick,Health,478
LM154,Intellectual Disability Nursing,University of Limerick,Health,462
LM156,Midwifery,University of Limerick,Health,521
MU001,Theology and Arts,"Pontifical University, St Patrick's College",Interdisciplinary programmes and qualifications involving arts and humanities,294
MH001,Education - Primary Teaching (Froebel),Maynooth University,Education,564
MH003,Early Childhood - Teaching and Learning (full-time),Maynooth University,Education,381
MH101,Arts,Maynooth University,Humanities (except languages),338
MH103,Music,Maynooth University,Arts,#
MH106,Psychology - 3 years,Maynooth University,Social and behavioural sciences,554
MH107,Social Science,Maynooth University,Social and behavioural sciences,390
MH109,Media Studies,Maynooth University,Arts,324
MH116,Community and Youth Work (Full-Time),Maynooth University,Welfare,#
MH201,Science,Maynooth University,"Interdisciplinary programmes and qualifications involving natural sciences, Mathematics and statistics",401
MH202,Biotechnology,Maynooth University,Biological and related sciences,490
MH203,Biological and Geographical Sciences,Maynooth University,Biological and related sciences,451
MH204,Physics with Astrophysics,Maynooth University,Physical sciences,422
MH206,Theoretical Physics and Mathematics,Maynooth University,Mathematics and statistics,521
MH207,Data Science,Maynooth University,Information and Communication Technologies (ICTs),444
MH208,Biological and Biomedical Sciences,Maynooth University,Biological and related sciences,543
MH209,Psychology (through Science) - 4 years,Maynooth University,Social and behavioural sciences,529
MH210,Pharmaceutical and Biomedical Chemistry,Maynooth University,Physical sciences,510
MH212,Science|Maths and Computer Science|Mathematics (with Education),Maynooth University,"Interdisciplinary programmes and qualifications involving natural sciences, Mathematics and statistics",452
MH304,Engineering (Computer/Electronic/Communications),Maynooth University,Engineering and engineering trades,351
MH305,Product Design,Maynooth University,Engineering and engineering trades,326
MH306,Robotics and Intelligent Devices,Maynooth University,Engineering and engineering trades,362
MH401,Finance (options),Maynooth University,Business and administration,370
MH402,Quantitative Finance,Maynooth University,Business and administration,476
MH403,Accounting and Finance,Maynooth University,Business and administration,424
MH404,Business (options),Maynooth University,Business and administration,441
MH407,Business and Accounting,Maynooth University,Business and administration,423
MH411,Entrepreneurship,Maynooth University,Business and administration,378
MH501,LLB Law - four year Single Major Law programme,Maynooth University,Law,507
MH502,Law (options),Maynooth University,Law,465
MH601,Computer Science through Arts (options),Maynooth University,Information and Communication Technologies (ICTs),381
MH602,Computer Science through Science (options),Maynooth University,Information and Communication Technologies (ICTs),400
MH603,Computational Thinking,Maynooth University,Information and Communication Technologies (ICTs),520
MH801,Early Childhood - Teaching and Learning (part-time),Maynooth University,Education,AQA
AS001,"Education, Home Economics and Biology - with concurrent Teacher Ed",St. Angela`s College,Education,542
AS002,"Education, Home Economics and Religious Ed - with concurrent Teacher Ed",St. Angela`s College,Education,464
AS003,"Education, Home Economics and Irish - with concurrent Teacher Ed",St. Angela`s College,Education,463
AS051,"Nutrition, Food and Business Management",St. Angela`s College,Business and administration,378
AS054,Home Economics,St. Angela`s College,Biological and related sciences,440
AS110,General Nursing,St. Angela`s College,Health,440
AS130,Intellectual Disability Nursing,St. Angela`s College,Health,387
SG141,Business,"Institute of Technology, Sligo",Business and administration,262
SG145,Business and ICT,"Institute of Technology, Sligo",Business and administration,279
SG146,Accounting,"Institute of Technology, Sligo",Business and administration,304
SG147,Sport with Business,"Institute of Technology, Sligo",Personal services,288
SG148,Tourism with Event Management,"Institute of Technology, Sligo",Personal services,298
SG150,Business in Marketing,"Institute of Technology, Sligo",Business and administration,298
SG241,Performing Arts,"Institute of Technology, Sligo",Arts,341
SG242,Early Childhood Care and Education,"Institute of Technology, Sligo",Welfare,287
SG243,Social Care Practice,"Institute of Technology, Sligo",Welfare,309
SG244,Fine Art,"Institute of Technology, Sligo",Arts,501
SG245,Creative Design,"Institute of Technology, Sligo",Arts,332
SG246,Computing,"Institute of Technology, Sligo",Information and Communication Technologies (ICTs),316
SG247,English and Psychology,"Institute of Technology, Sligo",Social and behavioural sciences,319
SG248,Sociology and Politics,"Institute of Technology, Sligo",Social and behavioural sciences,298
SG249,Writing and Literature,"Institute of Technology, Sligo",Languages,308
SG252,Software Development,"Institute of Technology, Sligo",Information and Communication Technologies (ICTs),310
SG253,Computing in Computer Networks and Cyber Security,"Institute of Technology, Sligo",Information and Communication Technologies (ICTs),336
SG254,Writing and Literature Online,"Institute of Technology, Sligo",Languages,327
SG255,Law and Business,"Institute of Technology, Sligo",Law,291
SG341,General Engineering,"Institute of Technology, Sligo",Engineering and engineering trades,373
SG342,Civil Engineering,"Institute of Technology, Sligo",Architecture and construction,418
SG343,Quantity Surveying,"Institute of Technology, Sligo",Architecture and construction,300
SG344,Mechanical Engineering,"Institute of Technology, Sligo",Engineering and engineering trades,412
SG346,Construction Project Management and Applied Technology,"Institute of Technology, Sligo",Architecture and construction,313
SG347,Architecture,"Institute of Technology, Sligo",Architecture and construction,403
SG348,Interior Architecture and Design,"Institute of Technology, Sligo",Architecture and construction,359
SG350,Robotics and Automation,"Institute of Technology, Sligo",Engineering and engineering trades,384
SG442,Occupational Safety and Health,"Institute of Technology, Sligo",Hygiene and occupational health services,307
SG443,Human Nutrition,"Institute of Technology, Sligo",Health,376
SG444,Science Undenominated,"Institute of Technology, Sligo",Biological and related sciences,358
SG445,Pharmaceutical Science with Drug Development,"Institute of Technology, Sligo",Physical sciences,357
SG447,Health Science and Physical Activity,"Institute of Technology, Sligo",Health,326
SG448,Forensic Investigation and Analysis,"Institute of Technology, Sligo",Biological and related sciences,308
SG449,Medical Biotechnology,"Institute of Technology, Sligo",Health,315
SG450,Environmental Science with Ecology (Level 8),"Institute of Technology, Sligo",Environment,310
TL801,"Animation, Visual Effects and Motion Design (Level 8, portfolio)","Institute of Technology, Tralee",Arts,718
TL802,"TV, Radio and New Media (Level 8)","Institute of Technology, Tralee",Arts,322
TL810,Computing with Software Development,"Institute of Technology, Tralee",Information and Communication Technologies (ICTs),308
TL811,Computing with Games Development,"Institute of Technology, Tralee",Information and Communication Technologies (ICTs),322
TL815,Computing (Degree Award options),"Institute of Technology, Tralee",Information and Communication Technologies (ICTs),307
TL823,Event Management (3 year programme),"Institute of Technology, Tralee",Personal services,293
TL831,Business Studies (Major Specialism in: Acctng or Mktg or Mgmnt),"Institute of Technology, Tralee",Business and administration,306
TL844,Agricultural Engineering,"Institute of Technology, Tralee","Interdisciplinary programmes and qualifications involving agriculture, forestry and veterinary",301
TL845,Civil Engineering,"Institute of Technology, Tralee",Architecture and construction,361
TL847,Manufacturing Engineering,"Institute of Technology, Tralee",Manufacturing and processing,305
TL848,Agricultural Science,"Institute of Technology, Tralee","Interdisciplinary programmes and qualifications involving agriculture, forestry and veterinary",307
TL851,Wildlife Biology (Degree Award options),"Institute of Technology, Tralee",Environment,309
TL855,Pharmaceutical Science (Degree Award options),"Institute of Technology, Tralee",Health,316
TL858,Veterinary Bioscience,"Institute of Technology, Tralee",Veterinary,317
TL871,Health and Leisure (Degree Award options),"Institute of Technology, Tralee",Personal services,303
TL872,Health and Leisure with Massage,"Institute of Technology, Tralee",Personal services,314
TL873,Coaching and Sports Performance,"Institute of Technology, Tralee",Personal services,308
TL874,Inclusive Sport and Physical Activity,"Institute of Technology, Tralee",Personal services,341
TL880,Early Childhood Care and Education,"Institute of Technology, Tralee",Welfare,309
TL881,Social Care,"Institute of Technology, Tralee",Welfare,301
TL890,General Nursing and Mature Applicants,"Institute of Technology, Tralee",Health,463
TL891,Mental Health Nursing and Mature Applicants,"Institute of Technology, Tralee",Health,440
WD001,Applied Computing (options),Waterford Institute of Technology,Information and Communication Technologies (ICTs),270
WD002,Science (options),Waterford Institute of Technology,Biological and related sciences,279
WD005,Health Sciences (options),Waterford Institute of Technology,Health,271
WD006,Exercise Sciences (options),Waterford Institute of Technology,Personal services,270
WD007,Engineering (options),Waterford Institute of Technology,Engineering and engineering trades,270
WD025,Construction Management and Engineering,Waterford Institute of Technology,Architecture and construction,262
WD027,Music,Waterford Institute of Technology,Arts,321
WD048,Business (options),Waterford Institute of Technology,Business and administration,279
WD084,Accounting,Waterford Institute of Technology,Business and administration,308
WD091,Hospitality Management,Waterford Institute of Technology,Personal services,225
WD116,General Nursing,Waterford Institute of Technology,Health,446
WD117,Psychiatric Nursing,Waterford Institute of Technology,Health,415
WD120,Intellectual Disability Nursing,Waterford Institute of Technology,Health,390
WD134,International Business,Waterford Institute of Technology,Business and administration,267
WD137,Design (Visual Communications),Waterford Institute of Technology,Arts,252
WD140,Laws,Waterford Institute of Technology,Law,280
WD144,Architecture,Waterford Institute of Technology,Architecture and construction,309
WD147,Pharmaceutical Science,Waterford Institute of Technology,Physical sciences,288
WD150,Criminal Justice Studies,Waterford Institute of Technology,Law,280
WD152,Visual Art,Waterford Institute of Technology,Arts,243
WD161,Computer Forensics and Security,Waterford Institute of Technology,Information and Communication Technologies (ICTs),270
WD162,Quantity Surveying,Waterford Institute of Technology,Architecture and construction,226
WD163,Psychology,Waterford Institute of Technology,Social and behavioural sciences,456
WD186,Sports Coaching and Performance,Waterford Institute of Technology,Personal services,261
WD187,Social Science,Waterford Institute of Technology,Welfare,276
WD191,Agricultural Science,Waterford Institute of Technology,Agriculture,377
WD192,Social Care Practice,Waterford Institute of Technology,Welfare,271
WD193,Marketing and Digital Media,Waterford Institute of Technology,Business and administration,279
WD194,Culinary Arts,Waterford Institute of Technology,Personal services,237
WD195,Architectural and Building Information Modelling Technology,Waterford Institute of Technology,Architecture and construction,279
WD200,Arts (options),Waterford Institute of Technology,Arts,201
WD210,Software Systems Development,Waterford Institute of Technology,Information and Communication Technologies (ICTs),260
WD211,Creative Computing,Waterford Institute of Technology,Information and Communication Technologies (ICTs),270
WD212,Recreation and Sport Management,Waterford Institute of Technology,Personal services,262
WD230,Mechanical and Manufacturing Engineering,Waterford Institute of Technology,Engineering and engineering trades,230
WD231,Early Childhood Care and Education,Waterford Institute of Technology,Welfare,266
WD232,Business Information Systems,Waterford Institute of Technology,Business and administration,261
