HEI,ISCED,2019,2020,2021,diff19_21,diff%
"Dun Laoghaire Institute of Art, Design and Technology",Information and Communication Technologies (ICTs),217.0,451.0,496.0,279.0,128.57142857142858
National College of Art and Design,Arts,300.0,377.0,544.875,244.875,81.625
"Institute of Technology, Tralee",Arts,293.5,303.0,520.0,226.5,77.17206132879046
Galway-Mayo Institute of Technology,Arts,279.4,392.5,437.1666666666667,157.7666666666667,56.466237174898616
University College Dublin (NUI),Agriculture,361.3333333333333,394.6666666666667,531.0,169.66666666666669,46.95571955719558
Limerick Institute of Technology,Health,282.0,294.0,391.0,109.0,38.652482269503544
Technological University Dublin,Arts,333.8333333333333,464.42857142857144,460.6923076923077,126.85897435897436,38.00069127078613
"Carlow College, St. Patrick`s",Humanities (except languages),185.5,253.5,252.5,67.0,36.118598382749326
Technological University Dublin,Environment,236.0,292.0,314.0,78.0,33.05084745762712
Limerick Institute of Technology,Physical sciences,285.5,337.5,375.0,89.5,31.34851138353765
"Institute of Technology, Sligo",Arts,298.3333333333333,371.6666666666667,391.3333333333333,93.0,31.1731843575419
Cork Institute of Technology,Personal services,249.0,287.0,324.0,75.0,30.120481927710845
Galway-Mayo Institute of Technology,Manufacturing and processing,225.0,257.5,285.5,60.5,26.88888888888889
University College Dublin (NUI),Environment,403.0,429.0,510.0,107.0,26.550868486352357
Dublin City University,Engineering and engineering trades,394.25,417.75,497.25,103.0,26.12555485098288
American College,Business and administration,234.0,209.0,294.0,60.0,25.64102564102564
University College Dublin (NUI),"Interdisciplinary programmes and qualifications involving agriculture, forestry and veterinary",361.5,383.5,454.0,92.5,25.587828492392806
Technological University Dublin,Biological and related sciences,370.7142857142857,421.57142857142856,465.2857142857143,94.57142857142856,25.510597302504813
Cork Institute of Technology,Architecture and construction,299.4,333.2,375.4,76.0,25.384101536406146
Limerick Institute of Technology,Social and behavioural sciences,217.0,235.0,272.0,55.0,25.34562211981567
"Institute of Technology, Sligo",Architecture and construction,286.3333333333333,338.6,358.6,72.26666666666671,25.238649592549496
Dundalk Institute of Technology,"Interdisciplinary programmes and qualifications involving natural sciences, Mathematics and statistics",300.0,358.0,373.0,73.0,24.333333333333336
Griffith College,Information and Communication Technologies (ICTs),222.5,293.5,275.5,53.0,23.820224719101123
Trinity College Dublin,Arts,451.5,459.8059701492537,555.3333333333334,103.83333333333337,22.997416020671842
Technological University Dublin,Welfare,262.8,306.5,323.0,60.19999999999999,22.907153729071535
University of Limerick,Architecture and construction,393.5,448.0,483.0,89.5,22.744599745870396
University College Dublin (NUI),Architecture and construction,397.6666666666667,441.3333333333333,487.6666666666667,90.0,22.632020117351214
"Institute of Technology, Tralee",Architecture and construction,300.0,325.0,361.0,61.0,20.333333333333332
Cork Institute of Technology,Information and Communication Technologies (ICTs),317.0,346.6666666666667,381.0,64.0,20.189274447949526
"Dun Laoghaire Institute of Art, Design and Technology",Social and behavioural sciences,349.0,379.0,418.0,69.0,19.770773638968482
Technological University Dublin,Architecture and construction,350.1666666666667,398.0,418.85714285714283,68.69047619047615,19.616509145304946
Galway-Mayo Institute of Technology,Biological and related sciences,327.0,351.0,390.0,63.0,19.26605504587156
Galway-Mayo Institute of Technology,Architecture and construction,265.25,275.75,316.0,50.75,19.132893496701225
"Dun Laoghaire Institute of Art, Design and Technology",Humanities (except languages),250.5,206.5,298.0,47.5,18.962075848303392
University of Limerick,Health,367.2857142857143,402.7142857142857,436.85714285714283,69.57142857142856,18.94204589653831
"National University of Ireland, Galway",Social and behavioural sciences,378.7142857142857,388.42857142857144,449.6,70.8857142857143,18.717465107506605
Athlone Institute of Technology,Social and behavioural sciences,409.0,418.0,484.0,75.0,18.337408312958438
Trinity College Dublin,Welfare,420.0,462.0,497.0,77.0,18.333333333333332
"National University of Ireland, Galway",Journalism and information,410.0,400.0,484.0,74.0,18.048780487804876
University College Cork (NUI),Law,478.25,536.25,563.75,85.5,17.877679038159958
Dundalk Institute of Technology,Engineering and engineering trades,303.0,316.3333333333333,357.0,54.0,17.82178217821782
Trinity College Dublin,Humanities (except languages),427.42857142857144,438.875,501.14285714285717,73.71428571428572,17.245989304812838
Griffith College,Arts,267.0,295.5,313.0,46.0,17.228464419475657
Letterkenny Institute of Technology,Health,305.5,340.75,358.0,52.5,17.18494271685761
"National University of Ireland, Galway",Languages,372.6666666666667,384.0,436.0,63.333333333333314,16.994633273703037
Waterford Institute of Technology,Social and behavioural sciences,390.0,434.0,456.0,66.0,16.923076923076923
St. Angela`s College,Health,354.0,377.5,413.5,59.5,16.807909604519775
University College Cork (NUI),Architecture and construction,465.0,484.0,543.0,78.0,16.7741935483871
University College Dublin (NUI),Social and behavioural sciences,427.75,456.75,499.0,71.25,16.656925774400936
"Institute of Technology, Carlow",Architecture and construction,290.3333333333333,322.3333333333333,338.6666666666667,48.33333333333337,16.64753157290472
Dundalk Institute of Technology,Architecture and construction,301.0,375.75,350.5,49.5,16.44518272425249
Cork Institute of Technology,Biological and related sciences,438.3333333333333,461.0,509.6666666666667,71.33333333333337,16.273764258555143
Dublin City University,Information and Communication Technologies (ICTs),395.6666666666667,407.3333333333333,459.6666666666667,64.0,16.175231676495365
Trinity College Dublin,Engineering and engineering trades,493.0,521.0,572.5,79.5,16.12576064908722
University of Limerick,Engineering and engineering trades,434.6666666666667,466.3333333333333,503.3333333333333,68.66666666666663,15.797546012269928
"National University of Ireland, Galway",Mathematics and statistics,455.0,481.5,526.0,71.0,15.604395604395604
Trinity College Dublin,Education,430.0,420.0,496.0,66.0,15.348837209302326
University of Limerick,Biological and related sciences,375.0,390.0,432.5,57.5,15.333333333333332
Dublin Business School,Social and behavioural sciences,219.66666666666666,232.33333333333334,253.33333333333334,33.666666666666686,15.326251896813362
"National University of Ireland, Galway",Information and Communication Technologies (ICTs),429.5,428.5,495.0,65.5,15.250291036088475
University of Limerick,Education,424.2,461.3333333333333,488.8333333333333,64.63333333333333,15.236523652365236
Dublin City University,Languages,371.0,387.0,427.0,56.0,15.09433962264151
St. Angela`s College,Education,425.6666666666667,463.6666666666667,489.6666666666667,64.0,15.03523884103367
National College of Ireland (NCI),Social and behavioural sciences,366.0,400.0,420.0,54.0,14.754098360655737
University College Cork (NUI),Biological and related sciences,469.5,495.5,538.25,68.75,14.643237486687966
Trinity College Dublin,Information and Communication Technologies (ICTs),450.0,481.5,514.0,64.0,14.222222222222221
"National University of Ireland, Galway",Arts,360.5,370.7,411.3,50.80000000000001,14.091539528432737
University College Dublin (NUI),Humanities (except languages),348.0,340.0,397.0,49.0,14.080459770114942
Dublin City University,Health,421.0,456.5,479.375,58.375,13.865795724465556
Dundalk Institute of Technology,Health,349.2,372.6,397.6,48.400000000000034,13.86025200458191
Maynooth University,Social and behavioural sciences,431.3333333333333,455.0,491.0,59.666666666666686,13.833075734157655
"Institute of Technology, Sligo",Languages,279.0,261.0,317.5,38.5,13.799283154121863
"Institute of Technology, Sligo",Personal services,257.5,288.0,293.0,35.5,13.78640776699029
"National University of Ireland, Galway",Biological and related sciences,481.0,501.5,547.25,66.25,13.773388773388772
St. Angela`s College,Biological and related sciences,387.0,408.0,440.0,53.0,13.695090439276486
University College Dublin (NUI),Information and Communication Technologies (ICTs),488.0,510.0,554.0,66.0,13.524590163934427
University College Dublin (NUI),Arts,336.0,310.0,381.0,45.0,13.392857142857142
Trinity College Dublin,Biological and related sciences,510.0,543.0,578.0,68.0,13.333333333333334
"National University of Ireland, Galway",Health,497.14285714285717,525.7142857142857,563.4285714285714,66.28571428571428,13.33333333333333
"Institute of Technology, Carlow",Manufacturing and processing,271.0,263.0,307.0,36.0,13.284132841328415
University of Limerick,Information and Communication Technologies (ICTs),351.3333333333333,352.3333333333333,398.0,46.666666666666686,13.282732447817844
University of Limerick,Humanities (except languages),339.5,358.5,384.5,45.0,13.25478645066274
Limerick Institute of Technology,Biological and related sciences,379.0,413.0,429.0,50.0,13.192612137203167
University College Cork (NUI),Physical sciences,460.3333333333333,490.3333333333333,521.0,60.666666666666686,13.178855901520642
Trinity College Dublin,Health,488.14285714285717,523.2857142857143,552.2857142857143,64.14285714285717,13.140181445712617
Mary Immaculate College,Education,416.6666666666667,448.27272727272725,470.72727272727275,54.06060606060606,12.974545454545455
Dublin City University,Biological and related sciences,473.0,503.0,534.3333333333334,61.33333333333337,12.96687808315716
"National University of Ireland, Galway",Law,473.0,509.0,534.2,61.200000000000045,12.938689217758995
Maynooth University,Law,430.5,462.0,486.0,55.5,12.89198606271777
Dundalk Institute of Technology,"Interdisciplinary programmes and qualifications involving agriculture, forestry and veterinary",303.0,310.0,342.0,39.0,12.871287128712872
Technological University Dublin,Hygiene and occupational health services,343.0,336.0,387.0,44.0,12.82798833819242
University College Cork (NUI),Information and Communication Technologies (ICTs),440.0,469.3333333333333,496.3333333333333,56.333333333333314,12.8030303030303
University College Dublin (NUI),Health,447.2,523.7777777777778,502.8,55.60000000000002,12.43291592128802
Maynooth University,Biological and related sciences,440.0,461.0,494.6666666666667,54.666666666666686,12.424242424242427
Trinity College Dublin,Languages,408.0,422.75,458.0,50.0,12.254901960784313
Technological University Dublin,Engineering and engineering trades,272.1,275.4,305.42857142857144,33.32857142857142,12.248648081062631
St. Angela`s College,Business and administration,337.0,328.0,378.0,41.0,12.166172106824925
Maynooth University,Education,421.5,417.0,472.5,51.0,12.099644128113878
Dublin City University,Social and behavioural sciences,432.0,454.6666666666667,484.2,52.19999999999999,12.08333333333333
University of Limerick,Physical sciences,430.5,429.0,482.5,52.0,12.07897793263647
Trinity College Dublin,Social and behavioural sciences,513.4,544.6,574.5833333333334,61.183333333333394,11.917283469679276
Galway-Mayo Institute of Technology,Education,327.0,323.5,365.6666666666667,38.666666666666686,11.824668705402656
Galway-Mayo Institute of Technology,Health,395.3333333333333,423.0,442.0,46.666666666666686,11.80438448566611
Griffith College,Business and administration,248.55555555555554,283.625,276.875,28.319444444444457,11.39360751005812
University of Limerick,Journalism and information,388.0,402.0,432.0,44.0,11.34020618556701
University College Dublin (NUI),Veterinary,504.0,533.5,561.0,57.0,11.30952380952381
Trinity College Dublin,Physical sciences,493.75,507.75,549.25,55.5,11.240506329113924
Dublin City University,Environment,412.0,433.0,458.0,46.0,11.165048543689322
University College Cork (NUI),Health,466.46153846153845,491.2307692307692,518.5384615384615,52.076923076923094,11.164248021108184
Dublin City University,Education,402.4166666666667,434.0,447.3333333333333,44.91666666666663,11.161731207289284
University College Dublin (NUI),Law,520.0,546.0,576.0,56.0,10.76923076923077
University College Dublin (NUI),"Interdisciplinary programmes and qualifications involving natural sciences, Mathematics and statistics",521.0,533.0,577.0,56.0,10.748560460652591
University College Cork (NUI),Agriculture,457.0,496.0,506.0,49.0,10.722100656455142
University College Dublin (NUI),Engineering and engineering trades,511.0,531.0,565.0,54.0,10.567514677103718
Technological University Dublin,Business and administration,295.0769230769231,304.95454545454544,325.26666666666665,30.189743589743557,10.231143552311424
"National University of Ireland, Galway",Physical sciences,404.0,408.5,444.75,40.75,10.086633663366337
University of Limerick,Law,432.0,457.6666666666667,474.6666666666667,42.666666666666686,9.876543209876548
Limerick Institute of Technology,Arts,510.2,520.8,560.2,50.00000000000006,9.800078400627216
"Institute of Technology, Sligo",Information and Communication Technologies (ICTs),292.2,332.0,320.6666666666667,28.466666666666697,9.742185717545071
University College Cork (NUI),Engineering and engineering trades,465.0,487.0,510.0,45.0,9.67741935483871
"Institute of Technology, Carlow",Welfare,264.5,275.75,290.0,25.5,9.640831758034027
Trinity College Dublin,Business and administration,502.125,531.875,550.125,48.0,9.559372666168784
Cork Institute of Technology,Health,397.0,423.0,434.5,37.5,9.445843828715365
Limerick Institute of Technology,Engineering and engineering trades,300.42857142857144,313.14285714285717,328.7142857142857,28.285714285714278,9.415121255349497
Galway-Mayo Institute of Technology,Agriculture,288.5,284.0,315.5,27.0,9.358752166377817
"Institute of Technology, Tralee",Health,372.0,382.0,406.3333333333333,34.333333333333314,9.22939068100358
Athlone Institute of Technology,Manufacturing and processing,300.0,308.0,327.0,27.0,9.0
Dublin City University,Journalism and information,400.5,422.0,436.5,36.0,8.98876404494382
Technological University Dublin,Health,477.0,493.1666666666667,519.8333333333334,42.83333333333337,8.979734451432572
University College Dublin (NUI),Business and administration,512.6,530.2,558.4,45.799999999999955,8.934841982052273
University College Cork (NUI),Social and behavioural sciences,408.8333333333333,423.0,445.2857142857143,36.45238095238096,8.91619591171161
Griffith College,Law,225.0,244.0,245.0,20.0,8.88888888888889
Waterford Institute of Technology,Health,350.0,361.25,380.5,30.5,8.714285714285715
Dublin Business School,Arts,212.5,226.0,231.0,18.5,8.705882352941176
Galway-Mayo Institute of Technology,Engineering and engineering trades,316.0,314.1666666666667,343.3333333333333,27.333333333333314,8.64978902953586
Dublin City University,Mathematics and statistics,514.5,546.0,559.0,44.5,8.649173955296405
Limerick Institute of Technology,Personal services,268.75,280.0,291.75,23.0,8.558139534883722
"National University of Ireland, Galway",Humanities (except languages),329.0,330.5,357.0,28.0,8.51063829787234
University College Dublin (NUI),Biological and related sciences,565.0,590.0,613.0,48.0,8.495575221238937
"Institute of Technology, Sligo",Biological and related sciences,307.0,322.0,333.0,26.0,8.469055374592834
Dublin City University,Business and administration,476.45454545454544,492.54545454545456,516.4166666666666,39.96212121212119,8.387394263181323
"National University of Ireland, Galway",Business and administration,493.3,505.6,534.3,40.99999999999994,8.311372390026342
University of Limerick,Business and administration,465.0,479.5,503.0,38.0,8.172043010752688
Dublin City University,Humanities (except languages),358.0,377.0,387.0,29.0,8.100558659217876
Trinity College Dublin,Law,546.0,575.6,589.6666666666666,43.66666666666663,7.99755799755799
University of Limerick,Manufacturing and processing,401.0,414.5,432.5,31.5,7.855361596009976
Athlone Institute of Technology,Biological and related sciences,311.3333333333333,315.0,335.75,24.416666666666686,7.84261241970022
University College Cork (NUI),Business and administration,447.3333333333333,454.0,481.9,34.56666666666666,7.727272727272727
Maynooth University,Physical sciences,433.0,454.5,466.0,33.0,7.621247113163972
American College,Humanities (except languages),252.0,252.0,271.0,19.0,7.5396825396825395
University of Limerick,Mathematics and statistics,430.5,414.0,462.6666666666667,32.166666666666686,7.4719318621757695
Limerick Institute of Technology,Law,308.0,307.0,331.0,23.0,7.467532467532467
Maynooth University,"Interdisciplinary programmes and qualifications involving natural sciences, Mathematics and statistics",397.0,391.0,426.5,29.5,7.43073047858942
Athlone Institute of Technology,Health,376.4,379.8,404.0,27.600000000000023,7.3326248671626
Dublin Business School,Business and administration,240.77777777777777,246.0,258.1111111111111,17.333333333333314,7.198892478080287
Galway-Mayo Institute of Technology,Personal services,251.0,268.0,269.0,18.0,7.171314741035857
University of Limerick,Arts,307.0,303.0,329.0,22.0,7.166123778501629
"Institute of Technology, Tralee",Personal services,291.0,299.25,311.8,20.80000000000001,7.147766323024059
"National University of Ireland, Galway",Engineering and engineering trades,482.0,472.85714285714283,516.0,34.0,7.053941908713693
RCSI University of Medicine & Health Sciences,Health,605.3333333333334,626.0,647.6666666666666,42.33333333333326,6.993392070484568
Maynooth University,Humanities (except languages),316.0,318.0,338.0,22.0,6.962025316455696
Athlone Institute of Technology,Architecture and construction,307.0,319.5,328.0,21.0,6.840390879478828
"National University of Ireland, Galway",Education,406.0,412.5,433.5,27.5,6.773399014778326
Maynooth University,Business and administration,392.2857142857143,404.7142857142857,418.6666666666667,26.380952380952408,6.724933236222391
University College Cork (NUI),Arts,333.6,327.2,355.6,22.0,6.5947242206235
University College Cork (NUI),Mathematics and statistics,531.0,566.0,566.0,35.0,6.591337099811676
Limerick Institute of Technology,Environment,262.0,279.0,279.0,17.0,6.488549618320611
University of Limerick,Personal services,441.0,474.0,469.5,28.5,6.462585034013606
Technological University Dublin,Physical sciences,350.25,406.0,372.8,22.55000000000001,6.4382583868665275
University College Dublin (NUI),Mathematics and statistics,577.0,601.0,613.0,36.0,6.239168110918544
"Institute of Technology, Sligo",Hygiene and occupational health services,289.0,290.0,307.0,18.0,6.228373702422145
University of Limerick,Languages,404.0,442.0,429.0,25.0,6.188118811881188
Marino Institute of Education,Education,418.1666666666667,430.4,443.6666666666667,25.5,6.098047030689518
Letterkenny Institute of Technology,Information and Communication Technologies (ICTs),300.0,311.5,318.0,18.0,6.0
Galway-Mayo Institute of Technology,Social and behavioural sciences,238.0,220.0,252.0,14.0,5.88235294117647
Technological University Dublin,Journalism and information,347.0,322.0,367.0,20.0,5.763688760806916
Cork Institute of Technology,Transport services,318.0,311.0,336.0,18.0,5.660377358490567
Maynooth University,Information and Communication Technologies (ICTs),413.25,420.0,436.25,23.0,5.565638233514822
Athlone Institute of Technology,Physical sciences,328.0,347.0,346.0,18.0,5.487804878048781
Galway-Mayo Institute of Technology,Physical sciences,336.5,340.0,354.5,18.0,5.349182763744428
Cork Institute of Technology,Engineering and engineering trades,384.8,381.8,404.6,19.80000000000001,5.145530145530149
University College Cork (NUI),Languages,410.6666666666667,390.3333333333333,431.6666666666667,21.0,5.113636363636363
Technological University Dublin,Personal services,278.0,270.2,292.2,14.199999999999989,5.107913669064744
Athlone Institute of Technology,Business and administration,299.0,307.3333333333333,314.25,15.25,5.1003344481605355
"Carlow College, St. Patrick`s",Social and behavioural sciences,251.0,253.0,263.0,12.0,4.780876494023905
Maynooth University,Mathematics and statistics,498.0,510.0,521.0,23.0,4.618473895582329
"Institute of Technology, Sligo",Social and behavioural sciences,295.0,295.0,308.5,13.5,4.576271186440678
"National University of Ireland, Galway",Environment,413.0,408.0,431.0,18.0,4.358353510895883
Letterkenny Institute of Technology,Personal services,278.0,300.0,290.0,12.0,4.316546762589928
University College Cork (NUI),Manufacturing and processing,444.0,441.0,463.0,19.0,4.2792792792792795
Dundalk Institute of Technology,Information and Communication Technologies (ICTs),304.0,306.6666666666667,316.3333333333333,12.333333333333314,4.057017543859643
Limerick Institute of Technology,Business and administration,277.8333333333333,280.85714285714283,288.42857142857144,10.59523809523813,3.8135230096837907
University of Limerick,Social and behavioural sciences,486.5,504.5,505.0,18.5,3.802672147995889
Dublin Business School,Law,245.0,219.0,254.0,9.0,3.6734693877551026
"Institute of Technology, Sligo",Welfare,287.5,290.0,298.0,10.5,3.6521739130434785
Dublin City University,Law,453.0,466.0,469.0,16.0,3.532008830022075
Cork Institute of Technology,Physical sciences,286.0,264.6666666666667,296.0,10.0,3.4965034965034967
Athlone Institute of Technology,Information and Communication Technologies (ICTs),310.75,326.25,321.0,10.25,3.2984714400643607
National College of Ireland (NCI),Information and Communication Technologies (ICTs),260.5,260.5,268.5,8.0,3.071017274472169
"Institute of Technology, Sligo",Business and administration,277.25,279.75,285.75,8.5,3.065825067628494
CCT College Dublin,Information and Communication Technologies (ICTs),235.0,220.0,242.0,7.0,2.9787234042553195
"Institute of Technology, Sligo",Physical sciences,347.0,311.0,357.0,10.0,2.881844380403458
Galway-Mayo Institute of Technology,Information and Communication Technologies (ICTs),284.6666666666667,280.0,292.6666666666667,8.0,2.8103044496487115
Dundalk Institute of Technology,Welfare,302.5,311.0,311.0,8.5,2.809917355371901
University College Cork (NUI),Welfare,398.0,419.0,409.0,11.0,2.763819095477387
"Institute of Technology, Carlow",Engineering and engineering trades,318.3333333333333,327.0,327.0,8.666666666666686,2.7225130890052416
Limerick Institute of Technology,Architecture and construction,287.4,277.8,295.2,7.800000000000011,2.713987473903971
Letterkenny Institute of Technology,Agriculture,300.0,307.0,308.0,8.0,2.666666666666667
"National University of Ireland, Galway",Hygiene and occupational health services,402.0,412.0,412.0,10.0,2.4875621890547266
Trinity College Dublin,Mathematics and statistics,566.0,531.0,579.0,13.0,2.2968197879858656
"National University of Ireland, Galway",Architecture and construction,471.5,429.0,482.0,10.5,2.2269353128313893
Maynooth University,Arts,317.0,316.0,324.0,7.0,2.2082018927444795
Limerick Institute of Technology,Welfare,298.6666666666667,281.1666666666667,305.0,6.333333333333314,2.1205357142857078
Galway-Mayo Institute of Technology,Welfare,260.0,266.0,265.0,5.0,1.9230769230769231
"Institute of Technology, Carlow",Biological and related sciences,261.0,261.0,266.0,5.0,1.9157088122605364
Letterkenny Institute of Technology,Engineering and engineering trades,305.5,306.0,310.5,5.0,1.6366612111292964
"Institute of Technology, Carlow",Agriculture,266.0,269.0,270.0,4.0,1.5037593984962405
"Institute of Technology, Sligo",Health,334.0,341.6666666666667,339.0,5.0,1.4970059880239521
Dublin City University,Physical sciences,467.0,479.3333333333333,473.75,6.75,1.4453961456102784
"Institute of Technology, Tralee",Information and Communication Technologies (ICTs),309.0,325.3333333333333,312.3333333333333,3.3333333333333144,1.0787486515641793
"Pontifical University, St Patrick's College",Interdisciplinary programmes and qualifications involving arts and humanities,291.0,365.0,294.0,3.0,1.0309278350515463
Technological University Dublin,Information and Communication Technologies (ICTs),321.8,316.3333333333333,324.9166666666667,3.1166666666666742,0.9685104619846719
Dundalk Institute of Technology,Social and behavioural sciences,300.0,302.0,302.0,2.0,0.6666666666666667
Galway-Mayo Institute of Technology,Environment,307.0,290.0,308.5,1.5,0.4885993485342019
Athlone Institute of Technology,Law,301.0,295.0,302.0,1.0,0.33222591362126247
Dundalk Institute of Technology,Business and administration,303.0,302.5,304.0,1.0,0.33003300330033003
Cork Institute of Technology,Business and administration,307.5,308.5,308.5,1.0,0.3252032520325203
Athlone Institute of Technology,Arts,659.0,679.5,661.0,2.0,0.30349013657056145
Letterkenny Institute of Technology,Law,300.0,300.0,300.0,0.0,0.0
Letterkenny Institute of Technology,Biological and related sciences,302.0,303.0,302.0,0.0,0.0
Waterford Institute of Technology,Arts,254.25,266.5,254.25,0.0,0.0
"Institute of Technology, Carlow",Business and administration,280.8333333333333,277.6666666666667,280.6666666666667,-0.16666666666662877,-0.05934718100888859
National College of Ireland (NCI),Business and administration,300.5,304.25,300.25,-0.25,-0.08319467554076539
Limerick Institute of Technology,Information and Communication Technologies (ICTs),400.44444444444446,376.3,399.77777777777777,-0.6666666666666856,-0.16648168701443314
Waterford Institute of Technology,Law,280.5,275.0,280.0,-0.5,-0.17825311942959002
Waterford Institute of Technology,Architecture and construction,269.5,262.0,269.0,-0.5,-0.1855287569573284
Waterford Institute of Technology,Agriculture,378.0,377.0,377.0,-1.0,-0.26455026455026454
"Institute of Technology, Tralee",Environment,310.0,309.0,309.0,-1.0,-0.3225806451612903
"Institute of Technology, Tralee",Business and administration,307.0,306.0,306.0,-1.0,-0.32573289902280134
"Institute of Technology, Carlow",Health,454.0,451.0,451.0,-3.0,-0.6607929515418502
Galway-Mayo Institute of Technology,Business and administration,300.8,295.2,298.6,-2.1999999999999886,-0.7313829787234004
Dublin City University,Arts,371.42857142857144,391.14285714285717,368.57142857142856,-2.8571428571428896,-0.7692307692307779
"Institute of Technology, Tralee",Welfare,307.5,307.5,305.0,-2.5,-0.8130081300813009
Griffith College,Journalism and information,227.0,254.0,225.0,-2.0,-0.881057268722467
"Institute of Technology, Carlow",Information and Communication Technologies (ICTs),292.4,288.2,288.6,-3.7999999999999545,-1.2995896032831582
Athlone Institute of Technology,Welfare,308.0,303.5,303.5,-4.5,-1.461038961038961
Waterford Institute of Technology,Information and Communication Technologies (ICTs),271.75,266.25,267.5,-4.25,-1.5639374425023
Waterford Institute of Technology,Personal services,255.4,253.0,251.0,-4.400000000000006,-1.7227877838684438
Letterkenny Institute of Technology,Arts,307.0,320.0,301.0,-6.0,-1.9543973941368076
"Institute of Technology, Carlow",Law,298.0,302.0,292.0,-6.0,-2.013422818791946
"Institute of Technology, Tralee",Veterinary,326.0,308.0,317.0,-9.0,-2.7607361963190185
"Dun Laoghaire Institute of Art, Design and Technology",Business and administration,234.5,230.66666666666666,228.0,-6.5,-2.771855010660981
Waterford Institute of Technology,Welfare,279.3333333333333,271.0,271.0,-8.333333333333314,-2.9832935560859126
Waterford Institute of Technology,Physical sciences,298.0,293.0,288.0,-10.0,-3.3557046979865772
Letterkenny Institute of Technology,Architecture and construction,281.3333333333333,282.6666666666667,270.75,-10.583333333333314,-3.7618483412322212
Letterkenny Institute of Technology,Welfare,300.0,303.0,288.0,-12.0,-4.0
Waterford Institute of Technology,Business and administration,291.0,285.0,278.8,-12.199999999999989,-4.192439862542951
Technological University Dublin,Mathematics and statistics,307.5,295.5,294.0,-13.5,-4.390243902439024
Maynooth University,Engineering and engineering trades,363.3333333333333,350.3333333333333,346.3333333333333,-17.0,-4.678899082568807
Athlone Institute of Technology,Personal services,331.5,320.3333333333333,315.75,-15.75,-4.751131221719457
University College Cork (NUI),Humanities (except languages),326.0,318.0,310.0,-16.0,-4.9079754601226995
"Institute of Technology, Carlow",Personal services,476.0,450.0,452.5,-23.5,-4.936974789915967
Technological University Dublin,Manufacturing and processing,309.0,294.0,293.5,-15.5,-5.016181229773463
Letterkenny Institute of Technology,Business and administration,302.5,299.5,287.0,-15.5,-5.12396694214876
Dundalk Institute of Technology,Arts,350.0,360.25,332.0,-18.0,-5.142857142857142
"Institute of Technology, Tralee","Interdisciplinary programmes and qualifications involving agriculture, forestry and veterinary",321.0,304.0,304.0,-17.0,-5.29595015576324
"Institute of Technology, Carlow",Arts,405.5,387.75,383.5,-22.0,-5.425400739827373
Waterford Institute of Technology,Biological and related sciences,302.0,308.0,279.0,-23.0,-7.6158940397351
University College Dublin (NUI),Languages,348.0,303.0,320.0,-28.0,-8.045977011494253
Cork Institute of Technology,"Interdisciplinary programmes and qualifications involving agriculture, forestry and veterinary",408.0,397.0,368.0,-40.0,-9.803921568627452
Technological University Dublin,Social and behavioural sciences,415.5,372.0,372.6666666666667,-42.833333333333314,-10.308864821500197
Waterford Institute of Technology,Engineering and engineering trades,280.0,270.5,250.0,-30.0,-10.714285714285714
Cork Institute of Technology,Environment,326.5,286.5,291.0,-35.5,-10.872894333843798
Galway-Mayo Institute of Technology,Humanities (except languages),228.0,244.0,201.0,-27.0,-11.842105263157894
Dublin Business School,Information and Communication Technologies (ICTs),289.0,283.3333333333333,248.0,-41.0,-14.186851211072666
"Dun Laoghaire Institute of Art, Design and Technology",Arts,776.9,712.3636363636364,666.2222222222222,-110.6777777777778,-14.246077716279807
Technological University Dublin,Education,385.0,367.0,324.0,-61.0,-15.844155844155845
Cork Institute of Technology,Arts,728.6153846153846,769.4444444444445,557.8888888888889,-170.72649572649573,-23.43163475975976
Mary Immaculate College,Arts,322.5,337.5,244.5,-78.0,-24.186046511627907
CCT College Dublin,Business and administration,,338.0,253.0,,
Cork Institute of Technology,Education,,288.0,463.5,,
Dundalk Institute of Technology,Agriculture,,,348.0,,
Dundalk Institute of Technology,Environment,,330.0,377.0,,
Dundalk Institute of Technology,Manufacturing and processing,,301.0,379.0,,
Dundalk Institute of Technology,Personal services,,317.0,303.0,,
Griffith College,Personal services,327.0,253.0,,,
IBAT College Dublin,Business and administration,,,210.0,,
ICD Business School,Business and administration,257.0,248.5,,,
"Institute of Technology, Sligo",Engineering and engineering trades,,,389.6666666666667,,
"Institute of Technology, Sligo",Environment,,300.0,310.0,,
"Institute of Technology, Sligo",Law,,,291.0,,
"Institute of Technology, Tralee",Manufacturing and processing,,302.0,305.0,,
Irish College of Humanities & Applied Sciences,Welfare,,307.3333333333333,302.3333333333333,,
Limerick Institute of Technology,Education,,942.0,993.0,,
Limerick Institute of Technology,"Interdisciplinary programmes and qualifications involving agriculture, forestry and veterinary",278.0,297.0,,,
National College of Art and Design,Education,,,591.0,,
National College of Art and Design,Information and Communication Technologies (ICTs),,,444.0,,
National College of Ireland (NCI),Education,,,251.0,,
"National University of Ireland, Galway",Agriculture,,,485.0,,
St Nicholas Montessori College Ireland,Education,,220.0,262.0,,
St Nicholas Montessori College Ireland,Social and behavioural sciences,,,228.0,,
Technological University Dublin,Languages,326.0,366.0,,,
Technological University Dublin,Law,,396.5,409.5,,
Technological University Dublin,Transport services,,285.0,253.0,,
Trinity College Dublin,Environment,,,555.0,,
Trinity College Dublin,Interdisciplinary programmes and qualifications involving arts and humanities,,349.0,565.6666666666666,,
University College Cork (NUI),Education,,486.5,518.5,,
University of Limerick,Environment,,,430.0,,
